Title,Rating,Review,Price,MRP,Discount,Delivery,Offer
Frontech - 50.8 cm (20 inch) HD LED Backlit VA Panel Monitor (MON-0074)                                      ,   4   ,53 Reviews      ,"₹2,699    ","₹8,000    ",66% off ,Free delivery ,Bank Offer    
"DELL S Series 68.58 cm (27 inch) Full HD IPS Panel with 5-Years warranty, 99% sRGB, Low Blue Light tec...  ",   4.4 ,545 Reviews     ,"₹11,999   ","₹23,316   ",48% off ,Free delivery ,Upto          
"DELL 68.58 cm (27 inch) Full HD LED Backlit VA Panel with 16:9 Aspect Ratio, 300 Nits Brightness (Typi...  ",   4.4 ,35 Reviews      ,"₹9,299    ","₹31,859   ",70% off ,Free delivery ,Bank Offer    
ZEBSTER 50.8 cm (20 inch) HD VA Panel Monitor (Z-GV120)                                                      ,   3.8 ,20 Reviews      ,"₹2,699    ","₹6,999    ",61% off ,Free delivery ,Bank Offer    
"Acer 54.61 cm (21.5 inch) Full HD LED Backlit IPS Panel with 99% sRGB, HDMI & VGA Ports, Eye Care Moni...  ",   4.3 ,878 Reviews     ,"₹5,999    ","₹7,599    ",21% off ,Free delivery ,Bank Offer    
MarQ by Flipkart 60.96 cm (24 inch) Full HD IPS Panel Inbuilt Speakers Monitor (24FHDMEQNNXO)                ,   4.3 ,782 Reviews     ,"₹6,799    ","₹17,200   ",60% off ,Free delivery ,Bank Offer    
Enter 48.26 cm (19 inch) HD TN Panel Gaming Monitor (E-MO-A01)                                               ,   3.9 ,25 Reviews      ,"₹2,399    ","₹12,500   ",80% off ,Free delivery ,Bank Offer    
"Lenovo L-Series 55.88 cm (22 inch) Full HD LED Backlit IPS Panel with 99% sRGB, HDMI 1.4, VGA, 2X3W Sp...  ",   4.4 ,115 Reviews     ,"₹7,199    ","₹11,290   ",36% off ,Free delivery ,Only 9 left   
Frontech - 55.88 cm (22 inch) HD LED Backlit VA Panel Monitor (MON_0060)                                     ,   3.7 ,636 Reviews     ,"₹3,099    ","₹8,500    ",63% off ,Free delivery ,              
"SAMSUNG 60.96 cm (24 inch) Full HD IPS Panel Flicker-Free, HDMI, Display Port, Bezel-less Design Flat ...  ",   4.4 ,221 Reviews     ,"₹7,699    ","₹16,000   ",51% off ,Free delivery ,Bank Offer    
"DELL 60.96 cm (24 inch) Full HD IPS Panel 99% sRGB, 250 nits brightness , 3H Hardness, Gray-To-Gray (F...  ",   4.3 ,70 Reviews      ,"₹14,799   ","₹35,978   ",58% off ,Free delivery ,Bank Offer    
"DELL 68.58 cm (27 inch) Full HD IPS Panel Anti-Glare With 3H Hardness, Gray-To-Gray (Fast mode), Ports...  ",   4.3 ,70 Reviews      ,"₹17,399   ","₹43,636   ",60% off ,Free delivery ,Bank Offer    
ZEBRONICS Zebster 46.99 cm (18.5 inch) HD LED Backlit Monitor (ZEBSTER)                                      ,   3.4 ,9 Reviews       ,"₹2,799    ","₹7,222    ",61% off ,Free delivery ,              
"Lenovo L-Series 68.58 cm (27 inch) Full HD LED Backlit IPS Panel with 99% sRGB, 1xHDMI1.4, 1xVGA, Tilt...  ",   4.2 ,4 Reviews       ,"₹11,599   ","₹15,590   ",25% off ,Free delivery ,              
"BenQ GW2790 68.58 cm (27 inch) Full HD LED Backlit IPS Panel 99% sRGB, Eye-careU, Dual HDMI, Display P...  ",   4.4 ,167 Reviews     ,"₹10,498   ","₹17,990   ",41% off ,Free delivery ,Only 5 left   
"MSI 60.96 cm (24 inch) Full HD IPS Panel with Anti-Flicker Technology, Less Blue, Light, Wide Color Ga...  ",   4.4 ,102 Reviews     ,"₹8,999    ","₹22,200   ",59% off ,Free delivery ,Bank Offer    
Lenovo 54.61 cm (21.5 inch) Full HD VA Panel Monitor (L22e-40)                                               ,   4.5 ,46 Reviews      ,"₹6,499    ","₹9,690    ",32% off ,Free delivery ,Only 2 left   
DELL S-Series 60.96 cm (24 inch) Full HD LED Backlit IPS Panel Monitor (S2425H)                              ,   4.3 ,1 Reviews       ,"₹10,499   ","₹18,999   ",44% off ,Free delivery ,Bank Offer    
"LG 81.28 cm (32 inch) Full HD LED Backlit IPS Panel with Motion Blur Reduction, OnScreen Control, Read...  ",   4.2 ,53 Reviews      ,"₹10,999   ","₹26,500   ",58% off ,Free delivery ,Only 3 left   
Lenovo 60.45 cm (23.8 inch) Full HD VA Panel 3-Side Near Edgeless with TUV Eye Care Monitor (D24-20/D2...    ,   4.3 ,522 Reviews     ,"₹6,599    ","₹12,690   ",47% off ,Free delivery ,Upto          
"Lenovo L - Series 68.58 cm (27 Inch) Full HD LED Backlit IPS Panel with TUV Eye Care, Smart Display Cu...  ",   4.4 ,60 Reviews      ,"₹9,999    ","₹18,290   ",45% off ,Free delivery ,Only 4 left   
"DELL 54.61 cm (21.5 inch) Full HD LED Backlit VA Panel with 250 Nits Brightness, Contrast Ratio 3000:1...  ",   4.4 ,35 Reviews      ,"₹6,599    ","₹16,519   ",60% off ,Free delivery ,Only 3 left   
Enter 50.8 cm (20 inch) HD VA Panel Gaming Monitor (20 INCH HDMI)                                            ,   4   ,17 Reviews      ,"₹2,599    ","₹15,000   ",82% off ,Free delivery ,Bank Offer    
MarQ by Flipkart 60.96 cm (24 inch) Full HD LED Backlit VA Panel Monitor (24FHDMMQTT9B)                      ,   4.3 ,157 Reviews     ,"₹5,299    ","₹11,999   ",55% off ,Free delivery ,Bank Offer    
                                                                                                             ,       ,                ,            ,            ,        ,              ,              
                                                                                                             ,       ,                ,            ,            ,        ,              ,              
                                                                                                             ,       ,                ,            ,            ,        ,              ,              
                                                                                                             ,       ,                ,            ,            ,        ,              ,              
SAMSUNG 55.88 cm (22 inch) Full HD IPS Panel Monitor (LS22C310EAWXXL)                                        ,   4.4 ,"2,065 Reviews ","₹6,799    ","₹11,100   ",38% off ,Free delivery ,Upto          
"Acer Nitro 60.45 cm (23.8 inch) Full HD LED Backlit IPS Panel with sRGB 99%, HDR10 Support, 2X2W Inbui...  ",   4.4 ,213 Reviews     ,"₹7,999    ","₹13,999   ",42% off ,Free delivery ,Bank Offer    
"DELL 49.53 cm (19.5 inch) HD with Contrast Ratio 600:1/600:1(Dynamic), 16.7 Million Colours, Colour Ga...  ",   4.3 ,230 Reviews     ,"₹5,599    ","₹12,529   ",55% off ,Free delivery ,Upto          
"Lenovo L-Series 68.58 cm (27 inch) Quad HD LED Backlit IPS Panel with 99% sRGB, 90% DCI-P3, 4x USB-A, ...  ",   3.5 ,2 Reviews       ,"₹21,990   ","₹26,190   ",16% off ,Free delivery ,Only 1 left   
Enter HDMI and VGA LED 50.8 cm (20 inch) Full HD TN Panel Monitor (20 inch)                                  ,   3.7 ,36 Reviews      ,"₹2,599    ","₹6,800    ",61% off ,Free delivery ,Bank Offer    
MarQ by Flipkart 55.88 cm (22 inch) Full HD LED Backlit VA Panel Inbuilt Speakers Monitor (22FHDMEQNNX...    ,   4.3 ,157 Reviews     ,"₹4,999    ","₹12,999   ",61% off ,Free delivery ,              
Lenovo 80.01 cm (31.5 inch) 4K Ultra HD IPS Panel Monitor (L32p-30)                                          ,   4.8 ,0 Reviews       ,"₹29,990   ","₹41,190   ",27% off ,Free delivery ,Only 1 left   
"Lenovo L-Series 68.58 cm (27 inch) Quad HD LED Backlit IPS Panel with 99% sRGB, 90% DCI-P3, 2xHDMI 2.1...  ",       ,                ,"₹20,699   ","₹22,390   ",7% off  ,Free delivery ,Only 7 left   
Frontech Ultima Series 55.88 cm (22 inch) Curved Full HD LED Backlit VA Panel Monitor (MON-0079C)            ,   4.2 ,29 Reviews      ,"₹5,750    ","₹19,500   ",70% off ,Free delivery ,Bank Offer    
MarQ by Flipkart 68.58 cm (27 inch) Full HD IPS Panel Inbuilt Speakers Monitor (27FHDMEQNNXO)                ,   4.3 ,782 Reviews     ,"₹7,999    ","₹19,500   ",58% off ,Free delivery ,Bank Offer    
"ZEBRONICS Pure Pixel 60.96 cm (24 inch) Full HD LED Backlit VA Panel with 16.7M colors, 16:9 Aspect Ra...  ",   4.2 ,252 Reviews     ,"₹6,699    ","₹24,999   ",73% off ,Free delivery ,Only 1 left   
"BenQ GW2490 60.96 cm (24 inch) Full HD LED Backlit IPS Panel 99% sRGB, Eye-careU, Dual HDMI, Display P...  ",   4.4 ,167 Reviews     ,"₹8,250    ","₹13,990   ",41% off ,Free delivery ,Only 5 left   
MarQ by Flipkart 55.88 cm (22 inch) Full HD IPS Panel Inbuilt Speakers Monitor (22FHDMEQNNXO)                ,   4.3 ,782 Reviews     ,"₹5,499    ","₹13,800   ",60% off ,Free delivery ,Bank Offer    
ZEBRONICS 81.28 cm (32 inch) Curved Full HD VA Panel Wall Mountable Monitor (ZEB -AC32FHD LED)               ,   4.2 ,825 Reviews     ,"₹11,999   ","₹29,999   ",60% off ,Free delivery ,Upto          
"Acer 68.58 cm (27 inch) Full HD LED Backlit IPS Panel with EcoDisplay, Mercury Free, Flicker Free, Blu...  ",   4.4 ,"1,827 Reviews ","₹8,899    ","₹12,999   ",31% off ,Free delivery ,Only 6 left   
Frontech - 46.99 cm (18.5 inch) HD LED Backlit VA Panel Monitor (MON-0061)                                   ,   3.9 ,300 Reviews     ,"₹2,599    ","₹7,000    ",62% off ,Free delivery ,Bank Offer    
SAMSUNG 68.58 cm (27 inch) Full HD LED Backlit IPS Panel Frameless Monitor (LS27C310EAWXXL)                  ,   4.4 ,"2,065 Reviews ","₹8,899    ","₹17,600   ",49% off ,Free delivery ,Only 2 left   
"ZEBRONICS Pure Pixel 60.96 cm (24 inch) Full HD VA Panel with 250 nits brightness, HDMI, VGA, Ultra Sl...  ",   4.2 ,252 Reviews     ,"₹6,999    ","₹24,999   ",72% off ,Free delivery ,Bank Offer    
"Acer 54.61 cm (21.5 inch) Full HD LED Backlit VA Panel with ZeroFrame Design, Ergonomic Stand, Acer Vi...  ",   4.4 ,561 Reviews     ,"₹5,695    ","₹7,699    ",26% off ,Free delivery ,Only 3 left   
ZEBRONICS 60.96 cm (24 inch) Full HD VA Panel Wall Mountable Monitor (ZEB-A24FHD LED)                        ,   4.1 ,361 Reviews     ,"₹6,999    ","₹26,999   ",74% off ,Free delivery ,Upto          
"Acer NITRO 68.58 cm (27 inch) Full HD IPS Panel with sRGB 99%, HDR10 Support, 2X2W Inbuilt Speakers, A...  ",   4.4 ,213 Reviews     ,"₹11,390   ","₹15,999   ",28% off ,Free delivery ,Bank Offer    
Frontech - 48.26 cm (19 inch) HD LED Backlit VA Panel Monitor (MON-0001)                                     ,   3.7 ,636 Reviews     ,"₹2,699    ","₹7,500    ",64% off ,Free delivery ,Bank Offer    
"DELL 68.58 cm (27 inch) Full HD LED Backlit VA Panel with 16:9 Aspect Ratio, 300 Nits Brightness (Typi...  ",   4.4 ,35 Reviews      ,"₹9,299    ","₹31,859   ",70% off ,Free delivery ,Bank Offer    
"ZEBRONICS 54.61 cm (21.5 inch) Full HD VA Panel with VGA, HDMI, 16.7 Million Colors, Inbuilt Speakers,...  ",   4.1 ,39 Reviews      ,"₹6,399    ","₹23,999   ",73% off ,Free delivery ,Bank Offer    
                                                                                                             ,       ,                ,            ,            ,        ,              ,              
                                                                                                             ,       ,                ,            ,            ,        ,              ,              
                                                                                                             ,       ,                ,            ,            ,        ,              ,              
"LG 60.45 cm (23.8 inch) Quad HD IPS Panel with sRGB 99%, USB-C (65W PD), Display Port, HDMI, Swivel/Ti...  ",   4.3 ,7 Reviews       ,"₹14,999   ","₹30,000   ",50% off ,Free delivery ,Only 2 left   
"Acer 54.61 cm (21.5 inch) Full HD IPS Panel with sRGB 99%, ENERGY STAR Certified, VESA Supportive, VGA...  ",   4.3 ,878 Reviews     ,"₹5,998    ","₹6,999    ",14% off ,Free delivery ,Only 2 left   
MarQ by Flipkart 55.88 cm (22 inch) Full HD LED Backlit IPS Panel Monitor (22FHDMEQNNXO)                     ,   4.2 ,132 Reviews     ,"₹5,899    ","₹12,999   ",54% off ,Free delivery ,Only 3 left   
"SAMSUNG 68.58 cm (27 inch) Full HD LED Backlit IPS Panel Flicker Free, HDMI, D-sub, Bezel Less Design ...  ",   4.4 ,9 Reviews       ,"₹8,599    ","₹16,200   ",46% off ,Free delivery ,Bank Offer    
"Acer 80.01 cm (31.5 inch) Full HD LED Backlit IPS Panel with VGA, HDMI, 2X1W Inbuilt Speakers, Flicker...  ",   4.1 ,8 Reviews       ,"₹13,999   ","₹17,999   ",22% off ,Free delivery ,Bank Offer    
MarQ by Flipkart 68.58 cm (27 inch) Full HD LED Backlit VA Panel Monitor (27FHDMMQTT9B)                      ,   4.3 ,157 Reviews     ,"₹6,499    ","₹14,599   ",55% off ,Free delivery ,Bank Offer    
"ZEBRONICS 46.99 cm (18.5 inch) HD LED Backlit TN Panel HDMI, VGA Input, HD 1366 x 768, 16.7M Colors, G...  ",   3.9 ,872 Reviews     ,"₹2,899    ","₹6,999    ",58% off ,Free delivery ,Bank Offer    
"BenQ GW 55.88 cm (22 inch) Full HD LED Backlit IPS Panel Bezel-Less, Eye Care, Anti-Glare, Low Blue Li...  ",   4.4 ,280 Reviews     ,"₹7,298    ","₹11,990   ",39% off ,Free delivery ,Only 7 left   
"SAMSUNG M5 81.28 cm (32 inch) Full HD VA Panel with Mouse & Keyboard Control, OTT Apps, IoT Hub, Offic...  ",   4.4 ,49 Reviews      ,"₹19,299   ","₹36,500   ",47% off ,Free delivery ,Bank Offer    
Frontech 48.26 cm (19 inch) HD LED Backlit Monitor (MON-0071)                                                ,   3.9 ,51 Reviews      ,"₹2,545    ","₹8,500    ",70% off ,Free delivery ,Bank Offer    
"ZEBRONICS 39.62 cm (15.6 inch) Full HD IPS Panel with 180-degree Adjustable Stand, 16:9 Aspect Ratio, ...  ",   3.9 ,8 Reviews       ,"₹9,999    ","₹19,999   ",50% off ,Free delivery ,Bank Offer    
"SAMSUNG Essential Series 151.89 cm (59.8 cm) Curved Full HD LED Backlit VA Panel with 1800R Curvature,...  ",   4.7 ,4 Reviews       ,"₹7,999    ","₹14,900   ",46% off ,Free delivery ,              
"BenQ GW 68.58 cm (27 inch) Quad HD LED Backlit IPS Panel Height Adjustable, 99% Srgb, Eye Safe Certifi...  ",   4.5 ,13 Reviews      ,"₹24,990   ","₹34,990   ",28% off ,Free delivery ,Only 1 left   
"Acer 54.61 cm (21.5 inch) Full HD IPS Panel with Blue Light Shield, Low Dimming, Comfy View, Eco Displ...  ",   4.3 ,302 Reviews     ,"₹6,862    ","₹10,000   ",31% off ,Free delivery ,Only 5 left   
MarQ by Flipkart 60.96 cm (24 inch) Full HD LED Backlit VA Panel with 2 X 3W Inbuilt Speakers Monitor ...    ,   4.3 ,"1,542 Reviews ","₹6,999    ","₹12,999   ",46% off ,Free delivery ,Upto          
"SAMSUNG 68.58 cm (27 inch) Full HD IPS Panel Flicker-Free, HDMI, Display Port, Bezel-less Design Flat ...  ",   4.4 ,221 Reviews     ,"₹10,099   ","₹18,100   ",44% off ,Free delivery ,Bank Offer    
"BenQ GW2490T 60.96 cm (24 inch) Full HD LED Backlit IPS Panel with 99% sRGB, Height Adjustable, Eye-ca...  ",   4.5 ,41 Reviews      ,"₹10,990   ","₹14,990   ",26% off ,Free delivery ,Only 9 left   
Enter 39.12 cm (15.4 inch) HD Monitor (e-m16a)                                                               ,   3.7 ,23 Reviews      ,"₹2,500    ","₹4,499    ",44% off ,Free delivery ,Only 1 left   
"ZEBRONICS 76.2 cm (30 inch) Curved WFHD VA Panel with 300 Nits Brightness, HDR10, 99% sRGB, 95% DCI-P3...  ",   4.9 ,3 Reviews       ,"₹17,999   ","₹42,999   ",58% off ,Free delivery ,Bank Offer    
"SAMSUNG 68.58 cm (27 inch) Curved Full HD VA Panel with 1800R Curvature, HDMI, Audio Ports, Flicker Fr...  ",   4.3 ,50 Reviews      ,"₹9,899    ","₹17,400   ",43% off ,Free delivery ,Upto          
"Acer 60.45 cm (23.8 inch) Full HD IPS Panel with-Visioncare, VGA, HDMI, Ergonomic Stand, Flicker-Free ...  ",   4.4 ,561 Reviews     ,"₹6,656    ","₹8,999    ",26% off ,Free delivery ,Only 9 left   
MarQ by Flipkart 68.58 cm (27 inch) Full HD IPS Panel Gaming Monitor (27FHDMIQII2G)                          ,   4.3 ,112 Reviews     ,"₹11,999   ","₹21,999   ",45% off ,Free delivery ,Only 1 left   
"SAMSUNG M5 68.58 cm (27 inch) Full HD VA Panel with Mouse & Keyboard Control, OTT Apps, IoT Hub, Offic...  ",   4.4 ,49 Reviews      ,"₹15,999   ","₹30,200   ",47% off ,Free delivery ,Bank Offer    
"ZEBRONICS 60.96 cm (24 inch) Full HD IPS Panel with 280 Nits Brightness, Built-in Speakers, HDR10, 99%...  ",   4.3 ,34 Reviews      ,"₹7,999    ","₹21,999   ",63% off ,Free delivery ,Bank Offer    
                                                                                                             ,       ,                ,            ,            ,        ,              ,              
                                                                                                             ,       ,                ,            ,            ,        ,              ,              
                                                                                                             ,       ,                ,            ,            ,        ,              ,              
"Acer NITRO VG1 series 68.58 cm (27 inch) WQHD IPS Panel with DCI-P3 95%, HDR10 support, 2X2W Inbuilt S...  ",   4.3 ,33 Reviews      ,"₹14,999   ","₹23,999   ",37% off ,Free delivery ,Only 1 left   
"ZEBRONICS 55.88 cm (22 inch) HD+ LED Backlit VA Panel with Dual Input HDMI & VGA, 16:10 Aspect ratio, ...  ",   3.6 ,162 Reviews     ,"₹3,999    ","₹12,799   ",68% off ,Free delivery ,Only 9 left   
"SAMSUNG Essential Series S3 55.88 cm (22 inch) Full HD LED Backlit IPS Panel with D-Sub, HDMI Flat Mon...  ",   4.7 ,1 Reviews       ,"₹7,099    ","₹13,700   ",48% off ,Free delivery ,              
"SAMSUNG 68.58 cm (27 inch) Curved Full HD LED Backlit VA Panel with HDMI, Audio Ports, 1800R,Flicker F...  ",   4.4 ,88 Reviews      ,"₹9,799    ","₹20,700   ",52% off ,Free delivery ,Upto          
"Acer 60.45 cm (23.8 inch) Full HD LED Backlit IPS Panel with Blue Light Shield, Low Dimming, Comfy Vie...  ",   4.3 ,302 Reviews     ,"₹7,958    ","₹9,999    ",20% off ,Free delivery ,Bank Offer    
"LG 60.45 cm (23.8 inch) Full HD IPS Panel with 3-Side Borderless Display,Tilt-able Stand, Black Stabil...  ",   4.3 ,180 Reviews     ,"₹7,600    ","₹16,500   ",53% off ,Free delivery ,Bank Offer    
Enter 48.26 cm (19 inch) SXGA Monitor (19 INCH LED MONITOR)                                                  ,   4   ,15 Reviews      ,"₹2,399    ","₹8,999    ",73% off ,Free delivery ,Bank Offer    
ZEBRONICS 68.58 cm (27 inch) Full HD VA Panel Wall Mountable Gaming Monitor (ZEB-A27FHD Slim Gaming LE...    ,   4   ,39 Reviews      ,"₹9,999    ","₹37,999   ",73% off ,Free delivery ,Only 9 left   
"SAMSUNG Odyssey G4 157.99 cm (62.2 cm) Full HD IPS Panel with Ergonomic Stand, HDR10, Dual Sync Compat...  ",   4.5 ,37 Reviews      ,"₹19,299   ","₹40,700   ",52% off ,Free delivery ,Only 8 left   
Acer Vero Series 68.58 cm (27 inch) Full HD LED Backlit IPS Panel with Colorful Patterned Back Mood li...    ,   4.4 ,18 Reviews      ,"₹9,299    ","₹13,500   ",31% off ,Free delivery ,Only 7 left   
"LG 68.58 cm (27 inch) Full HD IPS Panel with 3-Side Borderless Display,Tilt-able Stand, Black Stabiliz...  ",   4.3 ,180 Reviews     ,"₹9,999    ","₹19,000   ",47% off ,Free delivery ,Only 3 left   
"DELL 49.53 cm (19.5 inch) HD with Contrast Ratio 600:1/600:1(Dynamic), 16.7 Million Colours, Colour Ga...  ",   4.3 ,230 Reviews     ,"₹5,599    ","₹12,529   ",55% off ,Free delivery ,Upto          
"LG 68.58 cm (27 inch) Full HD IPS Panel with webOS, Apple AirPlay 2,HomeKit compatibility, 5Wx2 speake...  ",   4.3 ,58 Reviews      ,"₹14,499   ","₹24,500   ",40% off ,Free delivery ,Bank Offer    
Enter 39.12 cm (15.4 inch) HD Monitor (15.4 inch HD LED Backlit Monitor with HDMI & VGA (E-MO-A06))          ,   3.3 ,0 Reviews       ,"₹2,500    ","₹5,999    ",58% off ,Free delivery ,Bank Offer    
"Frontech Ultima Series TRIPLE INBUILT PORTS HDMI, VGA & TYPE C | 60.96 cm (24 inch) Full HD LED Backli...  ",   4.1 ,43 Reviews      ,"₹7,099    ","₹18,000   ",60% off ,Free delivery ,Only few left 
Frontech Ultima Series DUAL PORTS HDMI & VGA 60.96 cm (24 inch) Full HD LED Backlit VA Panel Monitor (...    ,   4.3 ,14 Reviews      ,"₹6,969    ","₹17,500   ",60% off ,Free delivery ,Bank Offer    
Frontech Ultima Series 60.96 cm (24 inch) Full HD LED Backlit IPS Panel Monitor (MON-0062-White)             ,   4.2 ,38 Reviews      ,"₹6,699    ","₹16,000   ",58% off ,Free delivery ,Bank Offer    
Lenovo 54.61 cm (21.5 inch) Full HD VA Panel Monitor (L22e-40)                                               ,   4.5 ,46 Reviews      ,"₹6,499    ","₹9,690    ",32% off ,Free delivery ,Only 2 left   
"Acer EK-Series 60.45 cm (23.8 inch) Full HD LED Backlit IPS Panel with 250 Nits Brightness, HDMI & VGA...  ",   4.4 ,6 Reviews       ,"₹6,649    ","₹8,299    ",19% off ,Free delivery ,Bank Offer    
Frontech - 48.26 cm (19 inch) HD LED Backlit VA Panel Monitor (MON-0071)                                     ,   3.9 ,300 Reviews     ,"₹2,740    ","₹7,500    ",63% off ,Free delivery ,Bank Offer    
"SAMSUNG Essential Series S3 153.42 cm (60.4 cm) Full HD LED Backlit IPS Panel with D-Sub, HDMI Flat Mo...  ",   4.7 ,1 Reviews       ,"₹8,199    ","₹15,200   ",46% off ,Free delivery ,              
"HP 60.45 cm (23.8 inch) Full HD IPS Panel with On-screen controls, Anti-glare, 300 nits brightness, Ey...  ",   4.3 ,5 Reviews       ,"₹10,999   ","₹13,580   ",19% off ,Free delivery ,Bank Offer    
"ViewSonic 68.58 cm (27 inch) Quad HD IPS Panel with HDR10, 137 sRGB, Height Adjustment, Swivel, Tilt, ...  ",   4.3 ,21 Reviews      ,"₹16,499   ","₹30,500   ",45% off ,Free delivery ,Only 1 left   
"Acer 68.58 cm (27 inch) Full HD IPS Panel with Blue Light Shield, Low Dimming, Comfy View, Eco Display...  ",   4.3 ,302 Reviews     ,"₹9,299    ","₹12,999   ",28% off ,Free delivery ,Only 4 left   
                                                                                                             ,       ,                ,            ,            ,        ,              ,              
                                                                                                             ,       ,                ,            ,            ,        ,              ,              
                                                                                                             ,       ,                ,            ,            ,        ,              ,              
"Lenovo R-Series 63.5 cm (25 inch) Full HD IPS Panel with 99%sRGB, 90% DCI-P3, 3Wx2 Built-in Speakers, ...  ",   4.4 ,3 Reviews       ,"₹13,099   ","₹21,790   ",39% off ,Free delivery ,Only 2 left   
"ZEBRONICS 68.58 cm (27 inch) Full HD LED Backlit VA Panel with 300 Nits Brightness, 16:9 Aspect Ratio,...  ",   4.6 ,2 Reviews       ,"₹8,999    ","₹27,999   ",67% off ,Free delivery ,Bank Offer    
"LG 73.66 cm (29 inch) WFHD LED Backlit IPS Panel with HDR 10, Black Stabilizer, Dynamic Action Sync, D...  ",   4.4 ,96 Reviews      ,"₹15,800   ","₹23,000   ",31% off ,Free delivery ,Only few left 
MarQ by Flipkart 81.28 cm (32 inch) Full HD LED Backlit IPS Panel Monitor (32FHDMMQNN2B)                     ,   4.3 ,"1,542 Reviews ","₹9,899    ","₹22,999   ",56% off ,Free delivery ,Bank Offer    
"SAMSUNG Odyssey G3 68.58 cm (27 inch) Full HD VA Panel with Height Adjustable Stand, 3-Sided Borderles...  ",   4.5 ,44 Reviews      ,"₹14,239   ","₹24,800   ",42% off ,Free delivery ,Bank Offer    
"Acer XV2 68.58 cm (27 inch) WQHD LED Backlit IPS Panel with DCI-P3 95%, VESA DisplayHDR 400, Display W...  ",   4.4 ,29 Reviews      ,"₹17,394   ","₹25,999   ",33% off ,Free delivery ,Bank Offer    
Frontech - 50.8 cm (20 inch) HD LED Backlit VA Panel Monitor (MON-0054)                                      ,   3.8 ,168 Reviews     ,"₹2,725    ","₹8,000    ",65% off ,Free delivery ,Only few left 
"LG UltraGear 60.96 cm (24 inch) Full HD IPS Panel with HDR10, NVIDIA G-SYNC Comaptible, Tilt-able Stan...  ",   4.3 ,56 Reviews      ,"₹11,000   ","₹20,000   ",45% off ,Free delivery ,Bank Offer    
Enter 55.88 cm (22 inch) HD TN Panel Gaming Monitor (22 INCH HDMI)                                           ,   4.2 ,1 Reviews       ,"₹3,299    ","₹18,999   ",82% off ,Free delivery ,Only 8 left   
Enter 43.18 cm (17 inch) HD Monitor (17.1 inch HD LED Backlit Monitor (E-M0-A02) (Response Time: 4 ms)...    ,   4.2 ,6 Reviews       ,"₹2,299    ","₹5,049    ",54% off ,Free delivery ,Bank Offer    
Enter 39.12 cm (15.4 inch) SXGA Monitor (VGA led Monitor)                                                    ,   3.7 ,7 Reviews       ,"₹2,500    ","₹3,900    ",35% off ,Free delivery ,Bank Offer    
Enter 43.43 cm (17.1 inch) HD TN Panel Monitor (E-M0-AO2)                                                    ,   3.8 ,16 Reviews      ,"₹2,500    ","₹6,999    ",64% off ,Free delivery ,Bank Offer    
"LG UltraGear 68.58 cm (27 inch) Quad HD IPS Panel with HDR10, AMD Free Sync Premium Compatible, 3-side...  ",   4.4 ,26 Reviews      ,"₹24,000   ","₹36,000   ",33% off ,Free delivery ,Only 2 left   
"Acer NITRO 80.01 cm (31.5 inch) Curved Full HD LED Backlit VA Panel with 1500R Curvature, Stereo Speak...  ",   4.1 ,14 Reviews      ,"₹18,595   ","₹22,999   ",19% off ,Free delivery ,Only 9 left   
"BenQ MOBIUZ 68.58 cm (27 inch) Full HD LED Backlit IPS Panel Bezel-Less HDR with Height Adjust, 99% sR...  ",   4.6 ,52 Reviews      ,"₹18,990   ","₹29,990   ",36% off ,Free delivery ,Only 4 left   
"SAMSUNG M7 109.22 cm (43 inch) 4K Ultra HD VA Panel with USB Type-C, Smart TV Apps, Apple Airplay, Sam...  ",   4.5 ,32 Reviews      ,"₹34,299   ","₹60,000   ",42% off ,Free delivery ,Bank Offer    
"Lenovo Q-Series 60.45 cm (23.8 Inch) Full HD IPS Panel with Tilt Support, Height Adjustable, TUV Eyesa...  ",   4.4 ,39 Reviews      ,"₹10,799   ","₹19,890   ",45% off ,Free delivery ,Only 1 left   
"Lenovo L-Series 60.96 cm (24 inch) Full HD LED Backlit IPS Panel with 99% sRGB, HDMI, Tilt Stand, 2x3W...  ",   4.5 ,31 Reviews      ,"₹8,999    ","₹12,790   ",29% off ,Free delivery ,Only 4 left   
"ViewSonic 60.96 cm (24 inch) Full HD IPS Panel with HDR10, 104 sRGB, Eye Care, Wall Mount, Tilt, 2 x H...  ",   4.4 ,56 Reviews      ,"₹7,999    ","₹17,000   ",52% off ,Free delivery ,Only 1 left   
Acer 60.45 cm (23.8 inch) Full HD LED Backlit IPS Panel Monitor (EK240Y G0)                                  ,   4.5 ,0 Reviews       ,"₹6,899    ","₹8,999    ",23% off ,Free delivery ,Only 4 left   
LG ULTRAWIDE SERIES 73.66 cm (29 inch) WFHD LED Backlit IPS Panel Gaming Monitor (29WQ600)                   ,   4.3 ,13 Reviews      ,"₹17,900   ","₹26,000   ",31% off ,Free delivery ,Only 2 left   
"Acer 68.58 cm (27 inch) WQHD LED Backlit IPS Panel with HDR10, 2X1W Inbuilt Speakers, Flicker , Blue L...  ",   4.4 ,61 Reviews      ,"₹12,743   ","₹16,999   ",25% off ,Free delivery ,Bank Offer    
Acer Vero Series 60.45 cm (23.8 inch) Full HD LED Backlit IPS Panel with Colorful Patterned Back Mood ...    ,   4.5 ,17 Reviews      ,"₹7,685    ","₹12,399   ",38% off ,Free delivery ,Only 8 left   
Acer 68.58 cm (27 inch) Full HD LED Backlit VA Panel Gaming Monitor (ED270 X2)                               ,   5   ,0 Reviews       ,"₹13,199   ","₹15,999   ",17% off ,Free delivery ,Bank Offer    
                                                                                                             ,       ,                ,            ,            ,        ,              ,              
                                                                                                             ,       ,                ,            ,            ,        ,              ,              
                                                                                                             ,       ,                ,            ,            ,        ,              ,              
"SAMSUNG Odyssey G3 60.96 cm (24 inch) Full HD LED Backlit VA Panel with DP, HDMI, Height/Tilt/Pivot Ad...  ",   4.4 ,13 Reviews      ,"₹10,899   ","₹20,300   ",46% off ,Free delivery ,Bank Offer    
"SAMSUNG S4 60.96 cm (24 inch) Full HD IPS Panel with Eye Saver Mode, Flicker Free, Height Adjustable S...  ",   4.4 ,1 Reviews       ,"₹12,199   ","₹19,500   ",37% off ,Free delivery ,Bank Offer    
Enter 55.88 cm (22 inch) HD Monitor (E-MO-A03)                                                               ,   3.8 ,26 Reviews      ,"₹3,650    ","₹11,999   ",69% off ,Free delivery ,Only 8 left   
MarQ by Flipkart 55.88 cm (22 inch) Full HD LED Backlit VA Panel with 2 X 3W Inbuilt Speakers Monitor ...    ,   4.3 ,"1,542 Reviews ","₹5,899    ","₹12,499   ",52% off ,Free delivery ,Upto          
"SAMSUNG 60.96 cm (24 inch) Curved Full HD VA Panel with 1800R, HDMI, Audio Ports, HDMI, Flicker Free S...  ",   4.3 ,15 Reviews      ,"₹6,999    ","₹14,900   ",53% off ,Free delivery ,Bank Offer    
"SAMSUNG Odyssey G4 68.58 cm (27 inch) Full HD IPS Panel with Ergonomic Stand, HDR10, Dual Sync Compati...  ",   4.5 ,37 Reviews      ,"₹21,799   ","₹43,300   ",49% off ,Free delivery ,Upto          
SAMSUNG 48.26 cm (19 inch) HD VA Panel Monitor (LS19A330NHWXXL)                                              ,   3.8 ,1 Reviews       ,"₹5,699    ","₹9,999    ",43% off ,Free delivery ,Bank Offer    
"ZEBRONICS 81.28 cm (32 inch) Curved Full HD VA Panel 80 cm, Wall Mountable, Slim Gaming Monitor (ZEB-A...  ",   4.2 ,83 Reviews      ,"₹15,999   ","₹44,999   ",64% off ,Free delivery ,Upto          
"LG 80.01 cm (31.5 inch) Full HD IPS Panel with webOS, Apple AirPlay 2, HomeKit compatibility, 5Wx2 spe...  ",   4.3 ,58 Reviews      ,"₹17,000   ","₹28,500   ",40% off ,Free delivery ,Only 1 left   
Frontech 39.12 cm (15.4 inch) HD LED Backlit VA Panel Monitor (MON-0068)                                     ,   3.7 ,636 Reviews     ,"₹2,470    ","₹5,500    ",55% off ,Free delivery ,Bank Offer    
"Acer 49.53 cm (19.5 inch) HD+ TN Panel with VGA, HDMI, Acer VisionCare, ENERGY STAR Certified, Tilt-ab...  ",   4.2 ,13 Reviews      ,"₹5,075    ","₹8,000    ",36% off ,Free delivery ,Bank Offer    
"SAMSUNG M5 80.01 cm (31.5 inch) Full HD VA Panel with Mouse & Keyboard Control, OTT Apps, IoT Hub, Off...  ",   4.4 ,49 Reviews      ,"₹18,699   ","₹36,000   ",48% off ,Free delivery ,Bank Offer    
Acer Nitro 74.93 cm (29.5 inch) Curved WFHD LED Backlit VA Panel Gaming Monitor (XZ306CX)                    ,   4.6 ,7 Reviews       ,"₹19,999   ","₹35,000   ",42% off ,Free delivery ,Only 1 left   
"LG UltraGear 68.58 cm (27 inch) Quad HD IPS Panel with VESA Display HDR400, HDMI, Nvidia G-Sync Compat...  ",   4.7 ,11 Reviews      ,"₹32,000   ","₹47,500   ",32% off ,Free delivery ,Only 1 left   
LG 68.58 cm (27 inch) 4K Ultra HD IPS Panel White Colour Monitor (27UL500)                                   ,   4.3 ,25 Reviews      ,"₹25,000   ","₹50,000   ",50% off ,Free delivery ,Only 4 left   
"SAMSUNG Essential Series 68.58 cm (27 inch) Curved Full HD LED Backlit VA Panel with 1800R Curvature, ...  ",   4.7 ,4 Reviews       ,"₹10,299   ","₹17,400   ",40% off ,Free delivery ,              
"SAMSUNG Odyssey G3 68.4 cm (26.92913 inch) Full HD LED Backlit VA Panel with DP, HDMI, Height/Tilt/Piv...  ",   4.4 ,13 Reviews      ,"₹14,999   ","₹24,800   ",39% off ,Free delivery ,Bank Offer    
MSI 60.45 cm (23.8 inch) Full HD IPS Panel Monitor (PRO MP243X)                                              ,   4   ,2 Reviews       ,"₹8,499    ","₹13,600   ",37% off ,Free delivery ,              
"Acer KA-Series 68.58 cm (27 inch) Full HD LED Backlit IPS Panel with 250 Nits Brightness, 99% sRGB, 1 ...  ",   4.4 ,6 Reviews       ,"₹8,499    ","₹11,999   ",29% off ,Free delivery ,Bank Offer    
"Acer SA2-Series 68.58 cm (27 inch) Full HD LED Backlit IPS Panel with 250 Nits Brightness, 1xHDMI, 1xV...  ",   4.4 ,6 Reviews       ,"₹9,601    ","₹12,999   ",26% off ,Free delivery ,              
"SAMSUNG M5 68.58 cm (27 inch) Full HD VA Panel with Mouse & Keyboard Control, OTT Apps, IoT Hub, Offic...  ",   4.4 ,49 Reviews      ,"₹16,599   ","₹32,300   ",48% off ,Free delivery ,Bank Offer    
"LG 68.58 cm (27 Inch) Quad HD IPS Panel with HDMI, DP Ports, sRGB 99%, USB Type-C, Height / Swivel Adj...  ",   4.5 ,5 Reviews       ,"₹22,999   ","₹60,000   ",61% off ,Free delivery ,Upto          
"ViewSonic 68.58 cm (27 inch) Full HD IPS Panel with HDR10, 104 sRGB, Eye Care, Wall Mount, Tilt, 2 x H...  ",   4.4 ,56 Reviews      ,"₹10,799   ","₹19,800   ",45% off ,Free delivery ,Only few left 
"LG Ultra-Wide 86.36 cm (34 Inches) Full HD LED Backlit IPS Panel with OnScreen Control, HDR 10, Reader...  ",   4.5 ,44 Reviews      ,"₹24,100   ","₹40,000   ",39% off ,Free delivery ,Only 1 left   
                                                                                                             ,       ,                ,            ,            ,        ,              ,              
                                                                                                             ,       ,                ,            ,            ,        ,              ,              
                                                                                                             ,       ,                ,            ,            ,        ,              ,              
Enter 39.12 cm (15.4 inch) HD Monitor (e-m16a)                                                               ,   3.7 ,23 Reviews      ,"₹2,500    ","₹4,499    ",44% off ,Free delivery ,Only 1 left   
"BenQ GW2490T 60.96 cm (24 inch) Full HD LED Backlit IPS Panel with 99% sRGB, Height Adjustable, Eye-ca...  ",   4.5 ,41 Reviews      ,"₹10,990   ","₹14,990   ",26% off ,Free delivery ,Only 9 left   
"BenQ 80.01 cm (31.5 inch) 4K Ultra HD LED Backlit VA Panel Premium HDR10 Bezel-Less, Anti-Glare, Brigh...  ",   4.4 ,4 Reviews       ,"₹27,990   ","₹39,990   ",30% off ,Free delivery ,Upto          
"DELL S Series 68.58 cm (27 inch) Full HD IPS Panel with 5-Years warranty, 99% sRGB, Low Blue Light tec...  ",   4.4 ,545 Reviews     ,"₹11,999   ","₹23,316   ",48% off ,Free delivery ,Upto          
"HP Series 5 68.58 cm (27 inch) Full HD LED Backlit IPS Panel with On-screen controls, Anti-glare, 300 ...  ",   4.3 ,5 Reviews       ,"₹15,499   ","₹15,540   ",        ,Free delivery ,Only 5 left   
MarQ by Flipkart 68.58 cm (27 inch) Full HD IPS Panel Gaming Monitor (27FHDMIQII2G)                          ,   4.3 ,112 Reviews     ,"₹11,999   ","₹21,999   ",45% off ,Free delivery ,Only 1 left   
"ViewSonic 68.58 cm (27 inch) Quad HD IPS Panel with HDR10, 137 sRGB, Height Adjustment, Swivel, Tilt, ...  ",   4.3 ,21 Reviews      ,"₹16,499   ","₹30,500   ",45% off ,Free delivery ,Only 1 left   
"realme 60.45 cm (23.8 inch) Full HD LED Backlit VA Panel with USB Type-C Port, Bezel-Less Panel, Anti-...  ",   4.1 ,128 Reviews     ,"₹7,499    ","₹18,999   ",60% off ,Free delivery ,Only 1 left   
MarQ by Flipkart 68.58 cm (27 inch) Full HD LED Backlit IPS Panel Gaming Monitor (27FHDMMQTT9G)              ,   4.1 ,28 Reviews      ,"₹9,999    ","₹19,999   ",50% off ,Free delivery ,Bank Offer    
LG M39 49.53 cm (19.5 inch) HD LED Backlit TN Panel Monitor (20M39H)                                         ,   4.2 ,64 Reviews      ,"₹6,599    ","₹9,999    ",34% off ,Free delivery ,Only few left 
Acer 60.45 cm (23.8 inch) Full HD LED Backlit IPS Panel Monitor (EK240Y G0)                                  ,   4.5 ,0 Reviews       ,"₹6,899    ","₹8,999    ",23% off ,Free delivery ,Only 4 left   
"SAMSUNG M5 68.58 cm (27 inch) Full HD VA Panel with Mouse & Keyboard Control, OTT Apps, IoT Hub, Offic...  ",   4.4 ,49 Reviews      ,"₹15,999   ","₹30,200   ",47% off ,Free delivery ,Bank Offer    
"BenQ GW2486TC 60.96 cm (24 inch) Full HD LED Backlit IPS Panel with USB-C(65W PD), Daisy Chain, 99% sR...  ",   5   ,0 Reviews       ,"₹14,998   ","₹19,990   ",24% off ,Free delivery ,Only 5 left   
"BenQ GW 55.88 cm (22 inch) Full HD LED Backlit IPS Panel Bezel-Less, Eye Care, Anti-Glare, Low Blue Li...  ",   4.4 ,280 Reviews     ,"₹7,298    ","₹11,990   ",39% off ,Free delivery ,Only 7 left   
"HP G-Series 68.58 cm (27 inch) Full HD LED Backlit IPS Panel with On-Screen Controls, Low Blue Light M...  ",   4.4 ,6 Reviews       ,"₹11,499   ","₹16,500   ",30% off ,Free delivery ,Upto          
Enter 43.43 cm (17.1 inch) HD TN Panel Monitor (E-M0-AO2)                                                    ,   3.8 ,16 Reviews      ,"₹2,500    ","₹6,999    ",64% off ,Free delivery ,Bank Offer    
Enter 48.26 cm (19 inch) SXGA Monitor (19 INCH LED MONITOR)                                                  ,   4   ,15 Reviews      ,"₹2,399    ","₹8,999    ",73% off ,Free delivery ,Bank Offer    
MarQ by Flipkart 81.28 cm (32 inch) Full HD LED Backlit VA Panel Gaming Monitor (32FHDMMQTT9G)               ,   4.1 ,28 Reviews      ,"₹11,999   ","₹26,999   ",55% off ,Free delivery ,Bank Offer    
Enter 39.12 cm (15.4 inch) SXGA Monitor (VGA led Monitor)                                                    ,   3.7 ,7 Reviews       ,"₹2,500    ","₹3,900    ",35% off ,Free delivery ,Bank Offer    
"Lenovo D-Series 49.53 cm (19.5 Inch) Full HD TN Panel with Fully Adjustable Tilt Stand, Seamless Conne...  ",   4.2 ,204 Reviews     ,"₹6,099    ","₹10,790   ",43% off ,Free delivery ,Upto          
"LG MK400 54.61 cm (21.5 inch) Full HD LED Backlit TN Panel with HDMI, DVI,VGA, Audio-IN Ports, Inbuilt...  ",   4   ,41 Reviews      ,"₹9,999    ","₹12,000   ",16% off ,Free delivery ,Upto          
"Lenovo L-Series 55.88 cm (22 inch) Full HD LED Backlit IPS Panel with 99% sRGB, HDMI 1.4, VGA, 2X3W Sp...  ",   4.4 ,115 Reviews     ,"₹7,199    ","₹11,290   ",36% off ,Free delivery ,Only 4 left   
LG ULTRAGEAR GAMING 24GS60F 60.96 cm (24 inch) Full HD LED Backlit IPS Panel Gaming Monitor (HDMI & DI...    ,   4.9 ,0 Reviews       ,"₹11,699   ","₹20,000   ",41% off ,Free delivery ,Only few left 
"SAMSUNG 60.45 cm (23.8 inch) Curved Full HD LED Backlit VA Panel with 1800R, HDMI, Audio Ports, HDMI, ...  ",   4.4 ,657 Reviews     ,"₹7,499    ","₹14,900   ",49% off ,Free delivery ,Only 2 left   
                                                                                                             ,       ,                ,            ,            ,        ,              ,              
                                                                                                             ,       ,                ,            ,            ,        ,              ,              
                                                                                                             ,       ,                ,            ,            ,        ,              ,              
LG 19M 46.99 cm (18.5 inches) HD LED Backlit TN Panel Monitor (19M38AB)                                      ,   4.3 ,740 Reviews     ,"₹6,149    ","₹8,600    ",28% off ,Free delivery ,Only few left 
"ZEBRONICS 76.2 cm (30 inch) Curved WFHD VA Panel with 300 Nits Brightness, HDR10, 99% sRGB, 95% DCI-P3...  ",   4.9 ,3 Reviews       ,"₹17,999   ","₹42,999   ",58% off ,Free delivery ,Bank Offer    
Trendy ENTER HDMI LED MONITOR 48.26 cm (19 inch) HD LED Backlit VA Panel Monitor (ENTER 19 INCH HDMI L...    ,   3.7 ,1 Reviews       ,"₹2,633    ","₹9,999    ",73% off ,Free delivery ,Only few left 
"SAMSUNG 60.96 cm (24 inch) Full HD LED Backlit IPS Panel with 3-Sided Borderless Display, Game & Free ...  ",   4.4 ,"2,065 Reviews ","₹7,899    ","₹15,400   ",48% off ,Free delivery ,Only 2 left   
"BenQ 80.01 cm (31.5 inch) 4K Ultra HD LED Backlit VA Panel Premium HDR10 Bezel-Less, Anti-Glare, Brigh...  ",   4.4 ,4 Reviews       ,"₹27,990   ","₹39,990   ",30% off ,Free delivery ,Upto          
"SAMSUNG 68.58 cm (27 inch) Curved Full HD LED Backlit VA Panel with HDMI, Audio Ports, 1800R,Flicker F...  ",   4.4 ,88 Reviews      ,"₹9,799    ","₹20,700   ",52% off ,Free delivery ,Upto          
"Acer 68.58 cm (27 inch) Full HD LED Backlit IPS Panel with EcoDisplay, Mercury Free, Flicker Free, Blu...  ",   4.4 ,"1,827 Reviews ","₹8,899    ","₹12,999   ",31% off ,Free delivery ,Only 6 left   
"LG UltraFine 80.01 cm (31.5 inch) 4K Ultra HD IPS Panel HDR10, Ergonomic, USB Type-C Monitor (32UN880)     ",   4.6 ,5 Reviews       ,"₹49,800   ","₹80,000   ",37% off ,Free delivery ,Bank Offer    
"Lenovo 68.58 cm (27 inch) Full HD VA Panel with 300 nits brightness, 95% sRGB Gaming Monitor (G27e-20)     ",   4.3 ,10 Reviews      ,"₹9,999    ","₹18,890   ",47% off ,Free delivery ,Bank Offer    
Enter HDMI and VGA LED 50.8 cm (20 inch) Full HD TN Panel Monitor (20 inch)                                  ,   3.7 ,36 Reviews      ,"₹2,599    ","₹6,800    ",61% off ,Free delivery ,Bank Offer    
Enter 43.43 cm (17.1 inch) HD LED Backlit Monitor (E-M0-A02)                                                 ,   3.8 ,23 Reviews      ,"₹2,450    ","₹5,199    ",52% off ,Free delivery ,Bank Offer    
"HP Series 5 60.45 cm (23.8 inch) Full HD LED Backlit IPS Panel with On-screen controls, Anti-glare, 30...  ",   3.6 ,2 Reviews       ,"₹13,290   ","₹13,300   ",        ,Free delivery ,Only 3 left   
LG 46.99 cm (18.5 inch) HD LED Backlit TN Panel Monitor (19M38HB-B.BTRS)                                     ,   4.2 ,213 Reviews     ,"₹5,699    ","₹9,500    ",40% off ,Free delivery ,Bank Offer    
"realme 60.45 cm (23.8 inch) Full HD LED Backlit VA Panel with USB Type-C Port, Bezel-Less Panel, Anti-...  ",   4.1 ,128 Reviews     ,"₹7,499    ","₹18,999   ",60% off ,Free delivery ,Only 1 left   
BenQ GW 60.45 cm (23.8 inch) Full HD LED Backlit IPS Panel Ultra-Slim Bezel Monitor- Height Adjustment...    ,   4.5 ,85 Reviews      ,"₹9,799    ","₹17,990   ",45% off ,Free delivery ,Only 9 left   
"Lenovo R-Series 63.5 cm (25 inch) Full HD IPS Panel with 99%sRGB, 90% DCI-P3, 3Wx2 Built-in Speakers, ...  ",   4.4 ,3 Reviews       ,"₹13,099   ","₹21,790   ",39% off ,Free delivery ,Only 2 left   
SAMSUNG 55.88 cm (22 inch) Full HD VA Panel Monitor (LS22A334NHWXXL)                                         ,   4.3 ,179 Reviews     ,"₹5,899    ","₹13,700   ",56% off ,Free delivery ,Only 4 left   
"HP M-Series 60.96 cm (24 inch) Full HD LED Backlit IPS Panel with 300 nits Brightness, On-screen contr...  ",   4.2 ,12 Reviews      ,"₹9,799    ","₹13,441   ",27% off ,Free delivery ,Only few left 
Enter 48.26 cm (19 inch) HD LED Backlit VA Panel Monitor (19 INCH HD LED Backlit Gaming Monitor (E-MO-...    ,   3.8 ,86 Reviews      ,"₹2,849    ","₹12,500   ",77% off ,Free delivery ,Bank Offer    
"ZEBRONICS 60.96 cm (24 inch) Full HD VA Panel with 250 Nits Brightness, HDR10, 99% sRGB, 95% DCI-P3, 1...  ",   3.8 ,0 Reviews       ,"₹23,999   ",            ,        ,Free delivery ,Bank Offer    
"SAMSUNG Odyssey G3 68.58 cm (27 inch) Full HD VA Panel with Height Adjustable Stand, 3-Sided Borderles...  ",   4.5 ,44 Reviews      ,"₹14,239   ","₹24,800   ",42% off ,Free delivery ,Bank Offer    
Enter 43.18 cm (17 inch) HD Monitor (17.1 inch HD LED Backlit Monitor (E-M0-A02) (Response Time: 4 ms)...    ,   4.2 ,6 Reviews       ,"₹2,299    ","₹5,049    ",54% off ,Free delivery ,Bank Offer    
"DELL 60.96 cm (24 inch) Full HD LED Backlit VA Panel with with 16:9 Aspect Ratio, 250 Nits Brightness ...  ",   4.4 ,35 Reviews      ,"₹8,699    ","₹21,239   ",59% off ,Free delivery ,Only few left 
"LG 73.66 cm (29 inch) WFHD LED Backlit IPS Panel with HDR 10, Black Stabilizer, Dynamic Action Sync, D...  ",   4.4 ,96 Reviews      ,"₹15,800   ","₹23,000   ",31% off ,Free delivery ,Only few left 
                                                                                                             ,       ,                ,            ,            ,        ,              ,              
                                                                                                             ,       ,                ,            ,            ,        ,              ,              
                                                                                                             ,       ,                ,            ,            ,        ,              ,              
"Lenovo L-Series 68.58 cm (27 inch) Full HD LED Backlit IPS Panel with 99% sRGB, 1xHDMI1.4, 1xVGA, Tilt...  ",   4.2 ,4 Reviews       ,"₹11,599   ","₹15,590   ",25% off ,Free delivery ,              
Enter 48.26 cm (19 inch) HD LED Backlit TN Panel Gaming Monitor (E-MO-A01)                                   ,   3.7 ,16 Reviews      ,"₹2,650    ","₹12,500   ",78% off ,Free delivery ,Bank Offer    
"Acer KA 68.58 cm (27 inch) Full HD LED Backlit IPS Panel with sRGB 99%, Multiple connecting features: ...  ",   4.2 ,19 Reviews      ,"₹8,899    ","₹11,999   ",25% off ,Free delivery ,Only few left 
"ZEBRONICS Pure Pixel 60.96 cm (24 inch) Full HD LED Backlit VA Panel with 16.7M colors, 16:9 Aspect Ra...  ",   4.2 ,252 Reviews     ,"₹6,699    ","₹24,999   ",73% off ,Free delivery ,Only 1 left   
LG ULTRAWIDE SERIES 73.66 cm (29 inch) WFHD LED Backlit IPS Panel Gaming Monitor (29WQ600)                   ,   4.3 ,13 Reviews      ,"₹17,900   ","₹26,000   ",31% off ,Free delivery ,Only 2 left   
"Lenovo L-Series 60.96 cm (24 inch) Full HD IPS Panel with HDMI, USB-C Port, 3Wx2 Speakers, HDMI, VGA, ...  ",   4.3 ,7 Reviews       ,"₹13,249   ","₹18,690   ",29% off ,Free delivery ,Only 1 left   
"SAMSUNG Odyssey G4 68.58 cm (27 inch) Full HD IPS Panel with Ergonomic Stand, HDR10, Dual Sync Compati...  ",   4.5 ,37 Reviews      ,"₹21,799   ","₹43,300   ",49% off ,Free delivery ,Upto          
ZEBRONICS Z-E19HD ZEBSTAR LED Wall Mountable 48.26 cm (19 inch) Full HD VA Panel Monitor (Z-GV219 LED)       ,   4.3 ,0 Reviews       ,"₹3,999    ","₹6,999    ",42% off ,Free delivery ,Bank Offer    
SAMSUNG 60.96 cm (24 inch) Curved Full HD VA Panel Monitor (24 inch Curved Monitor)                          ,   4.4 ,113 Reviews     ,"₹7,199    ","₹14,798   ",51% off ,Free delivery ,Bank Offer    
Lenovo L 54.61 cm (21.5 inch) Full HD IPS Panel Monitor (L22i-40)                                            ,   3.8 ,0 Reviews       ,"₹7,990    ","₹14,990   ",46% off ,Free delivery ,Bank Offer    
GIGABYTE 60.45 cm (23.8 inch) Full HD Gaming Monitor (G24F-2)                                                ,   4.3 ,2 Reviews       ,"₹11,718   ","₹25,000   ",53% off ,Free delivery ,Only 6 left   
"Lenovo Q-Series 60.45 cm (23.8 Inch) Full HD IPS Panel with Tilt Support, Height Adjustable, TUV Eyesa...  ",   4.4 ,39 Reviews      ,"₹10,799   ","₹19,890   ",45% off ,Free delivery ,Only 1 left   
Enter 43.43 cm (17.1 inch) SXGA Monitor (VGA led Monitor)                                                    ,   3.7 ,21 Reviews      ,"₹2,380    ","₹5,999    ",60% off ,Free delivery ,              
"ASUS ProArt 68.58 cm (27 inch) WQHD LED Backlit IPS Panel with 2560 X 1440 Pixels, 100% sRGB/Rec. 709,...  ",   4.6 ,23 Reviews      ,"₹27,999   ","₹34,500   ",18% off ,Free delivery ,Only 2 left   
Enter 48.26 cm (19 inch) HD LED Backlit Gaming Monitor (E-M0-A01)                                            ,   3.9 ,43 Reviews      ,"₹2,899    ","₹8,999    ",67% off ,Free delivery ,Only few left 
Enter 48.26 cm (19 inch) SXGA Monitor (19 INCH LED MONITOR)                                                  ,   4   ,15 Reviews      ,"₹2,399    ","₹8,999    ",73% off ,Free delivery ,Bank Offer    
"Lenovo L-Series 68.58 cm (27 inch) Full HD LED Backlit IPS Panel with 99% sRGB, 2XHDMI 1.4, VGA, 2X3W ...  ",   4.4 ,115 Reviews     ,"₹11,599   ","₹16,790   ",30% off ,Free delivery ,Only 2 left   
"Lenovo L - Series 68.58 cm (27 inch) Full HD LED Backlit IPS Panel with TUV Eye Care, Smart Display Cu...  ",   4.5 ,42 Reviews      ,"₹17,499   ","₹20,490   ",14% off ,Free delivery ,Upto          
"LG 68.58 cm (27 Inch) Quad HD IPS Panel with HDMI, DP Ports, sRGB 99%, USB Type-C, Height / Swivel Adj...  ",   4.5 ,5 Reviews       ,"₹22,999   ","₹60,000   ",61% off ,Free delivery ,Upto          
Enter 46.99 cm (18.5 inch) HD LED Backlit Monitor (E-M0-A03)                                                 ,   3.8 ,1 Reviews       ,"₹2,457    ","₹6,999    ",64% off ,Free delivery ,              
Enter 55.88 cm (22 inch) HD Monitor (E-MO-A03)                                                               ,   3.6 ,5 Reviews       ,"₹3,320    ","₹20,000   ",83% off ,Free delivery ,Only 2 left   
"Enter 39.12 cm (15.4 inch) HD TN Panel Monitor (Black HD LED Backlit 15.4"" inch Monitor with HDMI and ... ",   3.9 ,6 Reviews       ,"₹2,299    ","₹5,999    ",61% off ,Free delivery ,Bank Offer    
LG QHD Monitor 60.96 cm (24 inch) Quad HD LED Backlit IPS Panel Monitor (24QP550-BB.ATRDMSN)                 ,   4.6 ,46 Reviews      ,"₹14,799   ","₹24,000   ",38% off ,Free delivery ,Upto          
LG UltraGear 85.09 cm (33.5 inch) Curved Quad HD LED Backlit VA Panel Gaming Monitor (34GP63A-BB.ATRRM...    ,   4.6 ,2 Reviews       ,"₹36,499   ","₹59,000   ",38% off ,Free delivery ,Only 4 left   
                                                                                                             ,       ,                ,            ,            ,        ,              ,              
                                                                                                             ,       ,                ,            ,            ,        ,              ,              
                                                                                                             ,       ,                ,            ,            ,        ,              ,              
"Acer HC5 Series 68.58 cm (27 inch) Curved WQHD LED Backlit VA Panel with HDR10 Support, 1500R Curvatur...  ",   4.6 ,3 Reviews       ,"₹15,999   ","₹21,999   ",27% off ,Free delivery ,Bank Offer    
Enter 55.88 cm (22 inch) HD Monitor (E-MO-A03)                                                               ,   3.8 ,26 Reviews      ,"₹3,650    ","₹11,999   ",69% off ,Free delivery ,Only 8 left   
"Acer Nitro ED0 80.01 cm (31.5 inch) Curved Full HD LED Backlit VA Panel with 1500R Curvature, Display ...  ",   4   ,14 Reviews      ,"₹13,598   ","₹16,999   ",20% off ,Free delivery ,Only 4 left   
rionix ENTER 48.26 cm (19 inch) HD LED Backlit TN Panel Monitor (ENTER 19 inch HDMI)                         ,   3.3 ,3 Reviews       ,"₹2,499    ","₹9,999    ",75% off ,Free delivery ,              
"LG UltraGear 68.58 cm (27 inch) Full HD IPS Panel with HDR10, NVIDIA G-SYNC Comaptible, Tilt-able Stan...  ",   4.3 ,56 Reviews      ,"₹14,500   ","₹28,500   ",49% off ,Free delivery ,Bank Offer    
Enter 39.12 cm (15.4 inch) HD Monitor (EN_-MO-A06(N))                                                        ,   3.2 ,0 Reviews       ,"₹2,340    ","₹5,899    ",60% off ,Free delivery ,              
Enter 39.12 cm (15.4 inch) HD LED Backlit Monitor (E-M0-AO8)                                                 ,   3.4 ,9 Reviews       ,"₹2,400    ","₹4,999    ",51% off ,Free delivery ,              
Enter NA 39.12 cm (15.4 inch) HD LED Backlit Monitor (E-M0-AO6)                                              ,   3.5 ,4 Reviews       ,"₹2,150    ","₹6,999    ",69% off ,Free delivery ,Bank Offer    
"Lenovo D-Series 49.53 cm (19.5 Inch) Full HD TN Panel with Fully Adjustable Tilt Stand, Seamless Conne...  ",   4.2 ,204 Reviews     ,"₹6,099    ","₹10,790   ",43% off ,Free delivery ,Upto          
Enter 48.26 cm (19 inch) HD VA Panel Monitor (HD VGA & Monitor)                                              ,       ,                ,"₹2,617    ","₹2,999    ",12% off ,Free delivery ,Bank Offer    
Enter 39.12 cm (15.4 inch) HD Monitor (e-m16a)                                                               ,   3.7 ,23 Reviews      ,"₹2,500    ","₹4,499    ",44% off ,Free delivery ,Only 1 left   
"SAMSUNG S4 60.96 cm (24 inch) Full HD IPS Panel with Eye Saver Mode, Flicker Free, Height Adjustable S...  ",   4.4 ,1 Reviews       ,"₹12,199   ","₹19,500   ",37% off ,Free delivery ,Bank Offer    
"Lenovo L - Series 68.58 cm (27 Inch) Full HD LED Backlit IPS Panel with TUV Eye Care, Smart Display Cu...  ",   4.4 ,60 Reviews      ,"₹9,999    ","₹18,290   ",45% off ,Free delivery ,Only 4 left   
"HP Series 5 68.58 cm (27 inch) Full HD LED Backlit IPS Panel with On-screen controls, Anti-glare, 300 ...  ",   4.3 ,5 Reviews       ,"₹15,499   ","₹15,540   ",        ,Free delivery ,Only 5 left   
Acer 68.58 cm (27 inch) Full HD LED Backlit IPS Panel Monitor (KA270 G0)                                     ,   3.4 ,2 Reviews       ,"₹8,499    ","₹11,999   ",29% off ,Free delivery ,Bank Offer    
"Lenovo L-Series 68.58 cm (27 Inch) Full HD IPS Panel with Rotating Screen, USB-C Port, USB Hub, 2X3W I...  ",   4.1 ,16 Reviews      ,"₹15,999   ","₹23,090   ",30% off ,Free delivery ,Upto          
SAMSUNG 57.4 cm (22.6 inch) Full HD LED Backlit VA Panel (54.48 cm) Monitor (LS22A33ANHWXXL)                 ,   4.3 ,179 Reviews     ,"₹6,299    ","₹14,430   ",56% off ,Free delivery ,Only 2 left   
"HP Series 5 80.01 cm (31.5 inch) Full HD LED Backlit VA Panel with On-screen controls, Anti-glare, 300...  ",   4   ,0 Reviews       ,"₹19,999   ","₹25,200   ",20% off ,Free delivery ,Bank Offer    
"SAMSUNG M7 109.22 cm (43 inch) 4K Ultra HD VA Panel with USB Type-C, Smart TV Apps, Apple Airplay, Sam...  ",   4.5 ,32 Reviews      ,"₹34,299   ","₹60,000   ",42% off ,Free delivery ,Bank Offer    
Acer Nitro 74.93 cm (29.5 inch) Curved WFHD LED Backlit VA Panel Gaming Monitor (XZ306CX)                    ,   4.6 ,7 Reviews       ,"₹19,999   ","₹35,000   ",42% off ,Free delivery ,Only 1 left   
"DELL P-Series 54.61 cm (21.5 inch) Full HD IPS Panel with 99%sRGB, HDMI 1.4, DP 1.2, VGA, 15W USB Type...  ",   4.3 ,70 Reviews      ,"₹12,699   ","₹31,376   ",59% off ,Free delivery ,₹220          
"DELL 68.58 cm (27 inch) Full HD LED Backlit IPS Panel with Built-In 5W Dual Speaker, 99% sRGB(typical)...  ",   4.6 ,3 Reviews       ,"₹15,699   ","₹26,999   ",41% off ,Free delivery ,Bank Offer    
"LG UltraGear 80.01 cm (31.5 inch) Quad HD VA Panel with Dynamic Action Sync, Black Stabilizer, Custom ...  ",   4.5 ,18 Reviews      ,"₹14,499   ","₹60,000   ",75% off ,Free delivery ,Only 9 left   
Acer 60.45 cm (23.8 inch) Full HD LED Backlit IPS Panel Monitor (RS242Y)                                     ,   4.4 ,2 Reviews       ,"₹7,685    ","₹12,399   ",38% off ,Free delivery ,Only 5 left   
                                                                                                             ,       ,                ,            ,            ,        ,              ,              
                                                                                                             ,       ,                ,            ,            ,        ,              ,              
                                                                                                             ,       ,                ,            ,            ,        ,              ,              
"BenQ MOBIUZ 68.58 cm (27 inch) Full HD LED Backlit IPS Panel Bezel-Less HDR with Height Adjust, 99% sR...  ",   4.6 ,52 Reviews      ,"₹18,990   ","₹29,990   ",36% off ,Free delivery ,Only 4 left   
"Prizor 55.88 cm (22 inch) HD+ IPS Panel Monitor (Full HD Monitor, Inbuilt Speaker, 4K Resolution Suppo...  ",   3   ,1 Reviews       ,"₹4,999    ","₹10,590   ",52% off ,Free delivery ,              
"Prizor 48.26 cm (19 inch) HD+ IPS Panel Monitor (Full HD Monitor, Inbuilt Speaker, 4K Resolution Suppo...  ",       ,                ,"₹4,499    ","₹9,990    ",54% off ,Free delivery ,              
"ZEBRONICS 80.01 cm (31.5 inch) Curved WQHD VA Panel with HDR10, 1800R Curvature, 280 Nits Brightness, ...  ",   4.3 ,42 Reviews      ,"₹22,499   ","₹53,999   ",58% off ,Free delivery ,Only 1 left   
"Prizor 43.18 cm (17 inch) HD+ IPS Panel Monitor (Full HD Monitor, Inbuilt Speaker, 4K Resolution Suppo...  ",       ,                ,"₹3,799    ","₹8,990    ",57% off ,Free delivery ,              
Acer 68.58 cm (27 inch) Curved WQHD LED Backlit VA Panel Gaming Monitor (ED270U S3)                          ,   4.2 ,1 Reviews       ,"₹16,399   ","₹19,999   ",18% off ,Free delivery ,Only 9 left   
Frontech Ultima Series 60.96 cm (24 inch) Full HD LED Backlit IPS Panel Monitor (MON-0062-White)             ,   4.2 ,38 Reviews      ,"₹6,699    ","₹16,000   ",58% off ,Free delivery ,Bank Offer    
SAMSUNG 60.96 cm (24 inch) Full HD LED Backlit VA Panel Gaming Monitor (LS24AG300NWXXL)                      ,   4.6 ,5 Reviews       ,"₹11,899   ","₹19,999   ",40% off ,Free delivery ,Only few left 
XElectron 39.62 cm (15.6 inch) Full HD IPS Panel Portable Monitor (A1 Gamut-A)                               ,   4.2 ,5 Reviews       ,"₹10,990   ","₹29,999   ",63% off ,Free delivery ,Bank Offer    
"ASUS 60.45 cm (23.8 inch) Full HD IPS Panel VESA Mountable, Tilt, Low Blue Light, Flicker Free, HDMI E...  ",   4.2 ,4 Reviews       ,"₹8,999    ","₹11,999   ",25% off ,Free delivery ,Bank Offer    
LG IPS Monitor 68.58 cm (27 inch) Full HD LED Backlit IPS Panel Height adjustable Monitor (27MP450-BB....    ,   4.2 ,30 Reviews      ,"₹11,400   ","₹19,000   ",40% off ,Free delivery ,Only few left 
MarQ by Flipkart 68.58 cm (27 inch) Full HD IPS Panel Gaming Monitor (27FHDMIQII2G)                          ,   4.3 ,112 Reviews     ,"₹11,999   ","₹21,999   ",45% off ,Free delivery ,Only 1 left   
Acer Nitro 68.58 cm (27 inch) Full HD LED Backlit VA Panel Monitor (QG271)                                   ,   4.3 ,124 Reviews     ,"₹11,929   ","₹12,999   ",8% off  ,Free delivery ,Only 4 left   
Acer Nitro 60.45 cm (23.8 inch) Full HD LED Backlit IPS Panel Gaming Monitor (VG240Y)                        ,   4.5 ,269 Reviews     ,"₹9,999    ","₹17,500   ",42% off ,Free delivery ,Only 1 left   
"Acer HA0 60.45 cm (23.8 inch) Full HD LED Backlit IPS Panel with EcoDisplay, Mercury Free, Flicker Fre...  ",   4.4 ,"1,827 Reviews ","₹7,497    ","₹8,999    ",16% off ,Free delivery ,Only 1 left   
DELL E-Series 55.88 cm (22 inch) Full HD LED Backlit TN Panel Monitor (E2221HN)                              ,   4.2 ,1 Reviews       ,"₹8,899    ","₹17,399   ",48% off ,Free delivery ,Only few left 
"SAMSUNG Odyssey G3 60.96 cm (24 inch) Full HD VA Panel with Height Adjustable Stand, Eye Saver Mode, 3...  ",   4.5 ,44 Reviews      ,"₹10,900   ","₹20,300   ",46% off ,Free delivery ,Only 1 left   
"SAMSUNG 60.96 cm (24 inch) Curved Full HD VA Panel with HDMI, Audio Ports, 1800R,Flicker Free, Slim De...  ",   4.6 ,1 Reviews       ,"₹7,399    ","₹16,000   ",53% off ,Free delivery ,Bank Offer    
"LG UltraGear 68.58 cm (27 inch) WQHD LED Backlit IPS Panel with HDMI & DP Ports, Height Adjustable Sta...  ",   4.6 ,8 Reviews       ,"₹32,999   ","₹43,424   ",24% off ,Free delivery ,Only few left 
SAMSUNG S33A Series 48.26 cm (19 inch) Full HD LED Backlit VA Panel Gaming Monitor (S19A330 ( Full HD ...    ,   3.9 ,4 Reviews       ,"₹6,030    ","₹10,100   ",40% off ,Free delivery ,              
BenQ GW 60.96 cm (24 inch) Full HD LED Backlit IPS Panel Ultra-Slim Bezel Monitor with Height Adjustme...    ,   4.3 ,27 Reviews      ,"₹13,998   ","₹25,990   ",46% off ,Free delivery ,Only 9 left   
"HP 54.61 cm (21.5 Inch) Full HD LED Backlit IPS Panel with all 3 ports - 1 DP, 1 HDMI & 1 VGA Monitor ...  ",   4.1 ,1 Reviews       ,"₹6,999    ","₹14,669   ",52% off ,Free delivery ,Only few left 
"MSI 60.96 cm (24 inch) Full HD IPS Panel with Anti-Flicker Technology, Less Blue Light, HDR Ready Moni...  ",   4.4 ,1 Reviews       ,"₹12,999   ","₹22,000   ",40% off ,Free delivery ,Only few left 
DELL PROFESSIONAL SERIES 48.26 cm (19 inch) Full HD LED Backlit IPS Panel Monitor (P1917S)                   ,   4.4 ,6 Reviews       ,"₹12,199   ","₹17,677   ",30% off ,Free delivery ,Only 5 left   
                                                                                                             ,       ,                ,            ,            ,        ,              ,              
                                                                                                             ,       ,                ,            ,            ,        ,              ,              
                                                                                                             ,       ,                ,            ,            ,        ,              ,              
"DELL P-series 68.58 cm (27 inch) Full HD LED Backlit IPS Panel with 3-Years warranty, Low Blue Light t...  ",   4.4 ,49 Reviews      ,"₹17,299   ","₹35,999   ",51% off ,Free delivery ,Only 5 left   
"ViewSonic VA 60.45 cm (23.8 inch) Full HD LED Backlit IPS Panel with 2X2W Inbuilt Speakers, HDMI, VGA,...  ",   4.3 ,35 Reviews      ,"₹7,199    ","₹15,000   ",52% off ,Free delivery ,Upto          
Acer 80.01 cm (31.5 inch) Curved Full HD LED Backlit VA Panel Gaming Monitor (ED320QX)                       ,   3.7 ,0 Reviews       ,"₹18,595   ","₹36,999   ",49% off ,Free delivery ,Bank Offer    
PHILIPS 54.61 cm (21.5 inch) Full HD Monitor (226E9QHAB/94)                                                  ,   4.2 ,31 Reviews      ,"₹11,300   ","₹14,290   ",20% off ,Free delivery ,Upto          
"ViewSonic 68.58 cm (27 Inch) Full HD LED Backlit IPS Panel with 2X2W Inbuilt Speakers, HDMI, VGA, Wall...  ",   4.3 ,35 Reviews      ,"₹8,999    ","₹18,000   ",50% off ,Free delivery ,Only 2 left   
"Acer DA0 series 80.01 cm (31.5 inch) Full HD VA Panel with Bluetooth 5.0, App Support : Youtube, Netfl...  ",   3.7 ,4 Reviews       ,"₹17,512   ","₹18,999   ",7% off  ,Free delivery ,Bank Offer    
Acer 68.58 cm (27 inch) Full HD LED Backlit IPS Panel Monitor (SA272 G0)                                     ,   3.3 ,0 Reviews       ,"₹9,299    ","₹12,999   ",28% off ,Free delivery ,Bank Offer    
"SAMSUNG M7 81.28 cm (32 inch) 4K Ultra HD VA Panel with Mouse & Keyboard Control, OTT Apps, IoT Hub, O...  ",   4.5 ,32 Reviews      ,"₹31,899   ","₹54,200   ",41% off ,Free delivery ,Bank Offer    
"SAMSUNG Odyssey Neo G7 109.22 cm (43 inch) 4K Ultra HD VA Panel with Smart TV, Gaming Hub, Game Bar, H...  ",   4.8 ,1 Reviews       ,"₹71,999   ","₹80,000   ",10% off ,Free delivery ,Only 2 left   
Enter 39.12 cm (15.4 inch) HD Monitor (E-M16A)                                                               ,   3.8 ,54 Reviews      ,"₹2,500    ","₹4,999    ",49% off ,Free delivery ,Bank Offer    
HP 86.36 cm (34 inch) Curved WQHD VA Panel Gaming Monitor (OMEN 34c)                                         ,       ,                ,"₹52,499   ","₹63,001   ",16% off ,Free delivery ,Only 2 left   
HP 27y 68.58 cm (27 inch) Full HD LED Backlit IPS Panel Monitor (27y)                                        ,   4.1 ,4 Reviews       ,"₹11,999   ","₹16,133   ",25% off ,Free delivery ,Upto          
"HP G-Series 60.45 cm (23.8 inch) Full HD LED Backlit IPS Panel with On-Screen Controls, Low Blue Light...  ",   4.4 ,6 Reviews       ,"₹9,499    ","₹11,060   ",14% off ,Free delivery ,Upto          
"SAMSUNG M5 81.28 cm (32 inch) Full HD LED Backlit VA Panel with embedded TV Apps, PC-less productivity...  ",   4.3 ,131 Reviews     ,"₹19,299   ","₹35,000   ",44% off ,Free delivery ,Only 7 left   
SAMSUNG A334 55.88 cm (22 inch) Full HD LED Backlit VA Panel Monitor (S22A330 ( Full HD LED Backlit VA...    ,   3.8 ,0 Reviews       ,"₹7,131    ","₹11,500   ",37% off ,Free delivery ,Bank Offer    
"BenQ GW2786TC 68.58 cm (27 inch) Full HD LED Backlit IPS Panel with USB-C(65W PD), Daisy Chain, 99% sR...  ",   5   ,0 Reviews       ,"₹17,990   ","₹24,990   ",28% off ,Free delivery ,Only 6 left   
"BenQ GW2486TC 60.96 cm (24 inch) Full HD LED Backlit IPS Panel with USB-C(65W PD), Daisy Chain, 99% sR...  ",   5   ,0 Reviews       ,"₹14,998   ","₹19,990   ",24% off ,Free delivery ,Only 5 left   
"Acer SA2-Series 68.58 cm (27 inch) Full HD LED Backlit IPS Panel with 250 Nits Brightness, 1xHDMI, 1xV...  ",   4.4 ,6 Reviews       ,"₹9,601    ","₹12,999   ",26% off ,Free delivery ,              
Frontech Ultima Series 62.23 cm (24.5 inch) Full HD LED Backlit IPS Panel Monitor (MON-0087)                 ,   4.3 ,11 Reviews      ,"₹6,969    ","₹19,000   ",63% off ,Free delivery ,Bank Offer    
Enter 39.12 cm (15.4 inch) HD Monitor (15.4 inch HD LED Backlit Monitor with HDMI & VGA (E-MO-A06))          ,   3.6 ,2 Reviews       ,"₹2,400    ","₹8,500    ",71% off ,Free delivery ,              
LAVYA 48.26 cm (19 inch) Full HD IPS Panel Monitor (LM195WDH)                                                ,       ,                ,"₹3,236    ","₹7,999    ",59% off ,Free delivery ,Bank Offer    
"HP G-Series 68.58 cm (27 inch) Full HD LED Backlit IPS Panel with On-Screen Controls, Low Blue Light M...  ",   4.4 ,6 Reviews       ,"₹11,499   ","₹16,500   ",30% off ,Free delivery ,Upto          
ViewSonic 39.62 cm (15.6 Inch) Full HD LED Backlit IPS Panel with AudioVisual Extension for Mobiles & ...    ,   4.1 ,0 Reviews       ,"₹11,499   ","₹19,600   ",41% off ,Free delivery ,Only 1 left   
SAMSUNG 48.26 cm (19 inch) HD VA Panel Monitor (LS19A330NHWXXL)                                              ,   3.8 ,1 Reviews       ,"₹5,699    ","₹9,999    ",43% off ,Free delivery ,Bank Offer    
                                                                                                             ,       ,                ,            ,            ,        ,              ,              
                                                                                                             ,       ,                ,            ,            ,        ,              ,              
                                                                                                             ,       ,                ,            ,            ,        ,              ,              
"SAMSUNG Odyssey G3 68.58 cm (27 inch) Full HD VA Panel with HAS, 3-Sided Borderless Display, Eye-Saver...  ",   4.5 ,0 Reviews       ,"₹16,817   ","₹25,999   ",35% off ,Free delivery ,Only 5 left   
"SAMSUNG Odyssey G7 71.12 cm (28 inch) 4K Ultra HD IPS Panel with HDR400, Smart TV, Gaming Hub, Bezel-l...  ",   4.3 ,2 Reviews       ,"₹50,299   ","₹58,900   ",14% off ,Free delivery ,Only 1 left   
iVoomi 60.96 cm (24 inch) Full HD LED Backlit Monitor (IV-L1901HDF)                                          ,   4   ,0 Reviews       ,"₹5,831    ","₹15,999   ",63% off ,Free delivery ,Bank Offer    
ZEBRONICS 55.88 cm (22 inch) Full HD LED Backlit VA Panel Monitor (ZEB-EA22FHD)                              ,       ,                ,"₹8,999    ","₹21,999   ",59% off ,Free delivery ,Bank Offer    
"Lenovo L-Series 38.1 cm (15 inch) Full HD IPS Panel with Height Adjustable Stand, Custom Artery, Type-...  ",   4.8 ,0 Reviews       ,"₹11,990   ","₹18,690   ",35% off ,Free delivery ,Bank Offer    
ASUS TUF 68.58 cm (27 inch) Full HD LED Backlit IPS Panel Gaming Monitor (VG279QR)                           ,   4.5 ,16 Reviews      ,"₹16,999   ","₹34,999   ",51% off ,Free delivery ,Upto          
Lenovo G Series 60.45 cm (23.8 inch) Full HD LED Backlit IPS Panel Gaming Monitor (G24-20)                   ,   4.6 ,21 Reviews      ,"₹11,599   ","₹20,690   ",43% off ,Free delivery ,Only few left 
rionix Foxin 49.53 cm (19.5 inch) HD LED Backlit TN Panel Monitor (Foxin 19.5 inch HDMI)                     ,   3.2 ,2 Reviews       ,"₹2,499    ","₹9,999    ",75% off ,Free delivery ,              
Acer 49.53 cm (19.5 inch) HD LED Backlit TN Panel Monitor (20CH1Q)                                           ,   4   ,67 Reviews      ,"₹7,880    ","₹11,500   ",31% off ,Free delivery ,Only 2 left   
Enter 39.12 cm (15.4 inch) HD LED Backlit Monitor (E-M16B)                                                   ,   3.9 ,52 Reviews      ,"₹2,499    ","₹4,950    ",49% off ,Free delivery ,              
"SAMSUNG M7 81.28 cm (32 inch) 4K Ultra HD VA Panel with Mouse & Keyboard Control, OTT Apps, IoT Hub, O...  ",   4.5 ,32 Reviews      ,"₹32,399   ","₹54,200   ",40% off ,Free delivery ,Bank Offer    
HP 80.01 cm (31.5 inch) Curved WQHD VA Panel Gaming Monitor (OMEN 32c)                                       ,       ,                ,"₹35,199   ","₹44,801   ",21% off ,Free delivery ,Only 1 left   
Enter 39.12 cm (15.4 inch) HD Monitor (15.4 inch HD LED Backlit Monitor with HDMI & VGA (E-MO-A06))          ,   3.3 ,0 Reviews       ,"₹2,500    ","₹5,999    ",58% off ,Free delivery ,Bank Offer    
Enter 39.12 cm (15.4 inch) SXGA LED Backlit Monitor (Piano shining black with 15.4 inch)                     ,   3.5 ,5 Reviews       ,"₹2,490    ","₹6,100    ",59% off ,Free delivery ,Only 4 left   
Enter 39.12 cm (15.4 inch) SXGA Monitor (VGA led Monitor)                                                    ,   3.7 ,7 Reviews       ,"₹2,500    ","₹3,900    ",35% off ,Free delivery ,Bank Offer    
"Matrix 48.26 cm (19 inch) Full HD VA Panel Monitor (VisionEdge 19"" LED Monitor)                           ",       ,                ,"₹3,499    ","₹4,000    ",12% off ,Free delivery ,Bank Offer    
HP 60.96 cm (24 inch) Full HD IPS Panel Monitor (V24ie G5)                                                   ,   4.7 ,0 Reviews       ,"₹8,699    ","₹10,220   ",14% off ,Free delivery ,Only few left 
LG ULTRAGEAR 68.58 cm (27 inch) Full HD LED Backlit IPS Panel Gaming Monitor (27GS65F-(1920 X1080)-99%...    ,       ,                ,"₹15,299   ","₹23,500   ",34% off ,Free delivery ,Bank Offer    
AOC 46.99 cm (18.5 inch) HD LED Backlit TN Panel Monitor (e970Swnl)                                          ,   4.1 ,93 Reviews      ,"₹4,676    ","₹5,590    ",16% off ,Free delivery ,Upto          
MarQ by Flipkart 55.88 cm (22 inch) Full HD LED Backlit VA Panel with 2 X 3W Inbuilt Speakers Monitor ...    ,   4.3 ,"1,542 Reviews ","₹5,899    ","₹12,499   ",52% off ,Free delivery ,Upto          
"LG 68.58 cm (27 inch) Full HD IPS Panel with Vga, Hdmi, Display Port Monitor (27MP60G-BB.ATRZJSN)          ",   3.6 ,2 Reviews       ,"₹11,300   ","₹16,000   ",29% off ,Free delivery ,              
"Lenovo L - Series 60.45 cm (23.8 Inch) Full HD LED Backlit IPS Panel with TUV Eye Care, Smart Display ...  ",   4.4 ,115 Reviews     ,"₹7,999    ","₹15,190   ",47% off ,              ,              
MarQ by Flipkart 68.58 cm (27 inch) Full HD LED Backlit IPS Panel Gaming Monitor (27FHDMMQTT9G)              ,   4.1 ,28 Reviews      ,"₹9,999    ","₹19,999   ",50% off ,Free delivery ,Bank Offer    
"HP 55.88 cm (22 inch) Full HD LED Backlit VA Panel with On-screen controls, Anti-glare, Low blue light...  ",   4.3 ,1 Reviews       ,"₹6,999    ","₹8,260    ",15% off ,Free delivery ,Only 9 left   
                                                                                                             ,       ,                ,            ,            ,        ,              ,              
                                                                                                             ,       ,                ,            ,            ,        ,              ,              
                                                                                                             ,       ,                ,            ,            ,        ,              ,              
AOC 46.99 cm (18.5 inch) HD LED Backlit TN Panel Monitor (e970Swnl)                                          ,   4.1 ,93 Reviews      ,"₹4,676    ","₹5,590    ",16% off ,Free delivery ,₹220          
MarQ by Flipkart 68.58 cm (27 inch) Full HD LED Backlit IPS Panel Gaming Monitor (27FHDMMQTT9G)              ,   4.1 ,28 Reviews      ,"₹9,999    ","₹19,999   ",50% off ,Free delivery ,Bank Offer    
"Lenovo L - Series 60.45 cm (23.8 Inch) Full HD LED Backlit IPS Panel with TUV Eye Care, Smart Display ...  ",   4.4 ,115 Reviews     ,"₹7,999    ","₹15,190   ",47% off ,              ,              
"MSI 60.96 cm (24 inch) Full HD IPS Panel with TUV Certified Eye Care Technology, VESA Mountable, Flick...  ",   4.4 ,10 Reviews      ,"₹9,799    ","₹18,300   ",46% off ,Free delivery ,₹220          
"ZEBRONICS 54.61 cm (21.5 inch) Full HD VA Panel with VGA, HDMI, 16.7 Million Colors, Inbuilt Speakers,...  ",   4.1 ,39 Reviews      ,"₹6,399    ","₹23,999   ",73% off ,Free delivery ,              
ViewSonic VX 60.45 cm (23.8 inch) Full HD LED Backlit IPS Panel Monitor (VX2476-SMHD)                        ,   4.3 ,2 Reviews       ,"₹9,499    ","₹21,000   ",54% off ,Free delivery ,Upto          
"DELL 46.99 cm (18.5 inch) HD LED Backlit TN Panel with 3-Years Warranty, Brightness 200 cd/m�, Contras...  ",   4.3 ,852 Reviews     ,"₹6,711    ","₹9,500    ",29% off ,Free delivery ,Bank Offer    
"HP 55.88 cm (22 inch) Full HD LED Backlit VA Panel with On-screen controls, Anti-glare, Low blue light...  ",   4.3 ,1 Reviews       ,"₹6,999    ","₹8,260    ",15% off ,Free delivery ,Bank Offer    
"SAMSUNG Odyssey G4 157.99 cm (62.2 cm) Full HD IPS Panel with Ergonomic Stand, HDR10, Dual Sync Compat...  ",   4.5 ,37 Reviews      ,"₹19,299   ","₹40,700   ",52% off ,Free delivery ,Upto          
"LG Ultra-Gear 60.96 cm (24 inches) Full HD LED Backlit VA Panel with HDMI, DVI,VGA, Audio-IN Ports, In...  ",   4.6 ,7 Reviews       ,"₹11,000   ","₹18,000   ",38% off ,Free delivery ,Upto          
"SAMSUNG ViewFinity S8 68.4 cm (26.92913 inch) 4K Ultra HD IPS Panel 1.07 billion colors, HDR10, Easy S...  ",   4.3 ,5 Reviews       ,"₹27,999   ","₹42,800   ",34% off ,Free delivery ,              
"Acer 86.36 cm (34 inch) Quad HD IPS Panel with Comfy Viewing, HDR Ready Technology, 6 axis Color Adjus...  ",   4.2 ,1 Reviews       ,"₹28,582   ","₹40,700   ",29% off ,Free delivery ,Bank Offer    
Acer Predator 107.95 cm (42.5 inch) 4K Ultra HD LED Backlit IPS Panel Gaming Monitor (PREDATOR CG437K)       ,   3.7 ,0 Reviews       ,"₹59,999   ","₹1,32,700 ",54% off ,Free delivery ,Upto          
"MSI 63.5 cm (25 inch) Full HD IPS Panel with Anti-Flicker, Wide Color Gamut and Less Blue Light Gaming...  ",   4.4 ,2 Reviews       ,"₹11,362   ","₹23,999   ",52% off ,Free delivery ,Bank Offer    
Acer 68.58 cm (27 inch) Full HD LED Backlit VA Panel Gaming Monitor (ED270 X2)                               ,   5   ,0 Reviews       ,"₹13,199   ","₹15,999   ",17% off ,Free delivery ,              
"Lenovo R-Series 68.58 cm (27 inch) Full HD IPS Panel with 99%sRGB, 90% DCI-P3, 3Wx2 Built-in Speakers,...  ",   4.4 ,3 Reviews       ,"₹16,999   ","₹23,090   ",26% off ,Free delivery ,Bank Offer    
Enter 39.12 cm (15.4 inch) HD VA Panel Monitor (EN_-MO-A06(N))                                               ,       ,                ,"₹2,500    ","₹2,699    ",7% off  ,Free delivery ,              
SAMSUNG 68.58 cm (27 inch) Full HD IPS Panel Monitor (LS27C430GAWXXL)                                        ,       ,                ,"₹15,999   ","₹24,500   ",34% off ,Free delivery ,              
"Acer EB1 80.01 cm (31.5 inch) Full HD LED Backlit IPS Panel with Tilt Screen, HDMI, VGA Ports, Eye Car...  ",   4.2 ,34 Reviews      ,"₹12,993   ","₹23,000   ",43% off ,Free delivery ,Bank Offer    
Enter 39.12 cm (15.4 inch) SVGA Monitor (E-MO-A07)                                                           ,   3.8 ,28 Reviews      ,"₹2,398    ","₹4,899    ",51% off ,Free delivery ,              
LG 152.25 cm (59.94 cm (24 inch) LED Display) Full HD TN Panel Gaming Monitor (24GL600F)                     ,   4.3 ,23 Reviews      ,"₹11,999   ","₹24,000   ",50% off ,Free delivery ,Upto          
Intex 48.26 cm (19 inch) HD LED Backlit IPS Panel Monitor (IT-1902)                                          ,   3.7 ,385 Reviews     ,"₹2,999    ","₹6,499    ",53% off ,Free delivery ,Upto          
ViewSonic 55.88 cm (22 inch) Full HD IPS Panel Monitor (VA2209-H)                                            ,   3.4 ,1 Reviews       ,"₹6,499    ","₹11,700   ",44% off ,Free delivery ,Upto          
LG MK430 60.45 cm (23.8 inch) Full HD LED Backlit IPS Panel Monitor (24MK430H)                               ,   4.2 ,94 Reviews      ,"₹9,499    ","₹13,000   ",26% off ,Free delivery ,₹220          
                                                                                                             ,       ,                ,            ,            ,        ,              ,              
                                                                                                             ,       ,                ,            ,            ,        ,              ,              
                                                                                                             ,       ,                ,            ,            ,        ,              ,              
"DELL 68.58 cm (27 inch) Full HD LED Backlit IPS Panel with 99% sRGB Color Gamut, Flicker Free Technolo...  ",   4.1 ,1 Reviews       ,"₹12,499   ","₹33,989   ",63% off ,Free delivery ,₹220          
Frontech Gaming 81.28 cm (32 inch) Curved Full HD LED Backlit VA Panel Gaming Monitor (MON-0076)             ,   4.1 ,0 Reviews       ,"₹14,589   ","₹49,999   ",70% off ,Free delivery ,Bank Offer    
Frontech 43.18 cm (17 inch) HD Monitor (1995)                                                                ,   3.8 ,9 Reviews       ,"₹2,498    ","₹5,000    ",50% off ,Free delivery ,Bank Offer    
Acer 54.61 cm (21.5 inch) Full HD LED Backlit VA Panel Monitor (V226HQL)                                     ,   4.3 ,"2,918 Reviews ","₹8,999    ","₹15,500   ",41% off ,Free delivery ,Upto          
"Lenovo L-Series 60.96 cm (24 inch) Full HD LED Backlit IPS Panel with 99% sRGB, 4xUSB-A, 1xUSB Type-C,...  ",   3.2 ,1 Reviews       ,"₹14,099   ","₹19,090   ",26% off ,Free delivery ,Bank Offer    
Lenovo 62.23 cm (24.5 Inch) Full HD TN Panel Ultra Slim Bezel Gaming Monitor (G25-10)                        ,   4.4 ,8 Reviews       ,"₹10,999   ","₹25,600   ",57% off ,Free delivery ,Upto          
Enter 39.12 cm (15.4 inch) Full HD Monitor (E-MO-A05)                                                        ,   3.5 ,14 Reviews      ,"₹2,199    ","₹6,046    ",63% off ,Free delivery ,Bank Offer    
AOC 54.61 cm (21.5 inch) Full HD Monitor (22B2HM)                                                            ,   4.6 ,1 Reviews       ,"₹5,999    ","₹12,200   ",50% off ,Free delivery ,Bank Offer    
ASUS ROG 80.01 cm (31.5 inch) Curved WQHD LED Backlit VA Panel Gaming Monitor (ROG Strix XG32VC)             ,       ,                ,"₹38,999   ","₹59,999   ",35% off ,Free delivery ,Upto          
"SAMSUNG M7 107.7 cm (42.4 inch) 4K Ultra HD VA Panel with Mouse &Keyboard Control, OTT Apps, IoT, Offi...  ",   4.5 ,32 Reviews      ,"₹34,699   ","₹60,000   ",42% off ,Free delivery ,Bank Offer    
"DELL 68.58 cm (27 inch) Full HD LED Backlit IPS Panel with Built-In 5W Dual Speaker, 99% sRGB (typical...  ",   4.4 ,0 Reviews       ,"₹14,799   ","₹28,319   ",47% off ,Free delivery ,Bank Offer    
"ASUS TUF 60.45 cm (23.8 inch) Full HD VA Panel with Extreme Low Motion Blur, Adaptive-sync, Premium In...  ",   4.7 ,3 Reviews       ,"₹10,499   ","₹22,999   ",54% off ,Free delivery ,Bank Offer    
"LG MK400 54.61 cm (21.5 inch) Full HD LED Backlit TN Panel with HDMI, DVI,VGA, Audio-IN Ports, Inbuilt...  ",   4   ,41 Reviews      ,"₹9,999    ","₹12,000   ",16% off ,Free delivery ,₹220          
"SAMSUNG 71.12 cm (28 inch) 4K Ultra HD LED Backlit IPS Panel PIP/PIB Multi-Tasking, HDR Support, Eye C...  ",   4.4 ,31 Reviews      ,"₹23,299   ","₹37,900   ",38% off ,Free delivery ,Upto          
Enter hdmi 39.12 cm (15.4 inch) HD VA Panel Monitor (E-MO-A06)                                               ,   3.7 ,4 Reviews       ,"₹2,500    ","₹5,300    ",52% off ,Free delivery ,Bank Offer    
"ZEBRONICS 124.46 cm (49 inch) Curved DQHD VA Panel with 1800R Curvature, 400 Nits Brightness, HDR400, ...  ",   3.8 ,2 Reviews       ,"₹1,59,999 ",            ,        ,Free delivery ,Bank Offer    
PHILIPS 54.61 cm (21.5 Inch) Full HD VA Panel Monitor (222V8LA/94 22 inch VA Panel LCD Monitor with Fu...    ,   4.4 ,1 Reviews       ,"₹7,999    ","₹13,890   ",42% off ,Free delivery ,₹220          
zebion 50.8 cm (20 inch) HD TN Panel Monitor (LED Monitor 20 HD)                                             ,   3   ,0 Reviews       ,"₹3,399    ","₹9,999    ",66% off ,Free delivery ,              
"HP Series 5 68.58 cm (27 inch) Full HD LED Backlit IPS Panel with On-screen controls, Anti-glare, 300 ...  ",   4.3 ,3 Reviews       ,"₹17,690   ","₹18,200   ",2% off  ,Free delivery ,              
Enter 39.12 cm (15.4 inch) HD LED Backlit Monitor (E-MO-A06)                                                 ,   3.7 ,15 Reviews      ,"₹3,499    ","₹4,500    ",22% off ,Free delivery ,Bank Offer    
ASUS ROG 80.01 cm (31.5 inch) Curved WQHD LED Backlit VA Panel Gaming Monitor (XG32VC)                       ,       ,                ,"₹48,999   ","₹59,999   ",18% off ,Free delivery ,Bank Offer    
"ViewSonic 68.58 cm (27 inch) 4K Ultra HD IPS Panel with HDR10, 10 bit Color Depth, 3 Side Bezel Less,1...  ",   4.3 ,5 Reviews       ,"₹20,499   ","₹34,892   ",41% off ,Free delivery ,Bank Offer    
"LG Ultra-Gear 80.01 cm (31.5 inch) Quad HD LED Backlit VA Panel with HDR10,Black Stabilizer, 3-Side Vi...  ",   4.4 ,12 Reviews      ,"₹21,500   ","₹39,000   ",44% off ,Free delivery ,Upto          
LG ULTRAGEAR GAMING 27GS60F 68.58 cm (27 inch) Full HD LED Backlit IPS Panel Gaming Monitor (HDMI & DI...    ,       ,                ,"₹14,499   ","₹28,500   ",49% off ,Free delivery ,              
                                                                                                             ,       ,                ,            ,            ,        ,              ,              
                                                                                                             ,       ,                ,            ,            ,        ,              ,              
                                                                                                             ,       ,                ,            ,            ,        ,              ,              
iVoomi 43.18 cm (17 inch) Full HD LED Backlit Monitor (Square IV-L19O1HDM)                                   ,   3.9 ,17 Reviews      ,"₹2,338    ","₹8,999    ",74% off ,Free delivery ,Bank Offer    
DELL 60.96 cm (24 inch) HD Monitor (E2422HS - Full HD (1920 x 1080) LED Backlit Monitor - IPS Panel - ...    ,   4.4 ,3 Reviews       ,"₹13,399   ","₹31,599   ",57% off ,Free delivery ,Upto          
"Enter 50.8 cm (20 inch) Full HD PLS Panel Monitor (A09 50.8 cm with 1600 x 900 Resolution, Black Monit...  ",   3.9 ,0 Reviews       ,"₹2,499    ","₹4,999    ",50% off ,Free delivery ,Bank Offer    
DELL 60.96 cm (24 inch) Full HD IPS Panel Monitor (U2424HE)                                                  ,   4.8 ,1 Reviews       ,"₹23,499   ","₹57,820   ",59% off ,Free delivery ,              
Acer NITRO 68.58 cm (27 inch) Full HD LED Backlit IPS Panel 165 Gaming Monitor (VG270)                       ,   4.4 ,86 Reviews      ,"₹13,949   ","₹26,999   ",48% off ,Free delivery ,Upto          
FINGERS Satin 54.48 cm (21.45 inch) Full HD LED Backlit VA Panel Monitor (The Big Picture)                   ,   4.1 ,1 Reviews       ,"₹6,299    ","₹10,999   ",42% off ,Free delivery ,              
"SAMSUNG 81.28 cm (32 inch) 4K Ultra HD LED Backlit VA Panel with 1 Billion Colors, PBP, Slim Bezels Fl...  ",   4.1 ,5 Reviews       ,"₹27,399   ","₹52,500   ",47% off ,Free delivery ,Bank Offer    
"LAPCARE 60.45 cm (23.8 inch) Full HD LED Backlit IPS Panel with Metal Stand, VGA & HDMI Port, Light We...  ",   3.5 ,1 Reviews       ,"₹7,199    ","₹21,699   ",66% off ,Free delivery ,₹220          
"SAMSUNG Odyssey G5 68.58 cm (27 inch) Curved Quad HD VA Panel with 1000R Curvature, HDR10 Gaming Monit...  ",   4.4 ,4 Reviews       ,"₹22,999   ","₹50,000   ",54% off ,Free delivery ,Bank Offer    
ASUS TUF 68.58 cm (27 inch) Full HD LED Backlit IPS Panel Gaming Monitor (VG279Q1R)                          ,   4.3 ,6 Reviews       ,"₹16,999   ","₹24,990   ",31% off ,Free delivery ,Upto          
"DELL 60.96 cm (24 inch) Full HD LED Backlit IPS Panel with HDMI, 2X DisplayPort 1.4, 2 x USB Type-C 3....  ",   4.6 ,0 Reviews       ,"₹18,799   ","₹36,102   ",47% off ,Free delivery ,Bank Offer    
"SAMSUNG 68.58 cm (27 inch) Curved Full HD LED Backlit VA Panel 1000R, Inbuilt Speakers, DP, HDMI, Audi...  ",   4.5 ,22 Reviews      ,"₹16,448   ","₹31,000   ",46% off ,Free delivery ,              
Acer K2 60.96 cm (24 inch) Full HD VA Panel Monitor (K242HYL)                                                ,   4.3 ,188 Reviews     ,"₹11,468   ","₹13,700   ",16% off ,Free delivery ,₹220          
Lenovo 71.12 cm (28 inch) 4K Ultra HD IPS Panel Monitor (L28u-35)                                            ,       ,                ,"₹19,990   ","₹33,090   ",39% off ,Free delivery ,Bank Offer    
"LG Ultra Fine Monitor 68.58 cm (27 inch) 4K Ultra HD LED Backlit IPS Panel with VESA DisplayHDR 400, U...  ",   4.6 ,8 Reviews       ,"₹30,500   ","₹47,500   ",35% off ,Free delivery ,Upto          
"ViewSonic VA Series 60.45 cm (23.8 inch) Full HD LED Backlit VA Panel White colour, Frameless Monitor ...  ",   4.1 ,40 Reviews      ,"₹9,999    ","₹22,900   ",56% off ,Free delivery ,Upto          
"Dyanora 68.58 cm (27 inch) Full HD VA Panel Anti-Glare Screen with Ultra Slim Bezel-Less Design, Free ...  ",   4   ,15 Reviews      ,"₹8,999    ","₹29,999   ",70% off ,Free delivery ,              
"DELL Alienware 63.5 cm (25 inch) Full HD LED Backlit IPS Panel with Height, Tilt, Swivel Adjustable Ga...  ",   5   ,1 Reviews       ,"₹37,999   ","₹51,599   ",26% off ,Free delivery ,Upto          
Enter 39.12 cm (15.4 inch) Full HD Monitor (15.4 inch Full HD Monitor (E-MO-A05) (Response Time: 3 ms)...    ,   3.5 ,1 Reviews       ,"₹2,490    ","₹3,999    ",37% off ,Free delivery ,Bank Offer    
LG 59.69 cm (23.5 inch) Full HD TN Panel Monitor (24M38H)                                                    ,   3.7 ,8 Reviews       ,"₹4,999    ","₹8,205    ",39% off ,Free delivery ,₹220          
Acer 54.61 cm (21.5 inch) Full HD IPS Panel Monitor (B227Q)                                                  ,   4.5 ,96 Reviews      ,"₹13,495   ","₹19,200   ",29% off ,Free delivery ,              
"DELL 68.58 cm (27 inch) Quad HD LED Backlit IPS Panel with 2xDisplayPort, 1xHDMI, 2xThunderbolt, 2xUSB...  ",   4.8 ,0 Reviews       ,"₹37,999   ","₹73,154   ",48% off ,Free delivery ,              
LG 27SR50F-W MyView Smart Monitor WITH WEB OS 68.58 cm (27 inch) Full HD LED Backlit IPS Panel Monitor...    ,       ,                ,"₹15,799   ","₹24,500   ",35% off ,Free delivery ,              
FINGERS Satin 60.45 cm (23.8 inch) Full HD LED Backlit VA Panel Monitor (The Big Picture)                    ,   4.1 ,1 Reviews       ,"₹8,000    ","₹14,999   ",46% off ,Free delivery ,              
                                                                                                             ,       ,                ,            ,            ,        ,              ,              
                                                                                                             ,       ,                ,            ,            ,        ,              ,              
                                                                                                             ,       ,                ,            ,            ,        ,              ,              
"LG Led-Monitor 54.61 cm (21.5 inch) Full HD LED Backlit VA Panel with OnScreen Control, Reader Mode, F...  ",   4.1 ,16 Reviews      ,"₹6,800    ","₹14,000   ",51% off ,Free delivery ,₹220          
"LG 80.01 cm (31.5 inch) Quad HD IPS Panel with HDR10, sRGB 99%, Color Calibrated, Flicker Safe, Height...  ",   3.9 ,0 Reviews       ,"₹25,800   ","₹36,000   ",28% off ,Free delivery ,Bank Offer    
"SAMSUNG M5 68.58 cm (27 inch) Full HD VA Panel with embedded TV Apps, PC-less productivity with Samsun...  ",   4.3 ,131 Reviews     ,"₹16,498   ","₹33,500   ",50% off ,Free delivery ,Bank Offer    
iVoomi 55.88 cm (22 inch) Full HD LED Backlit Monitor (Wide IV-L19O1HDE)                                     ,   3.6 ,0 Reviews       ,"₹5,399    ","₹13,999   ",61% off ,Free delivery ,              
ASUS 68.58 cm (27 inch) Full HD LED Backlit IPS Panel Gaming Monitor (VZ279HEG1R)                            ,       ,                ,"₹17,999   ","₹28,999   ",37% off ,Free delivery ,Upto          
"LG Ultra-Fine 80.01 cm (31.5 Inches) Quad HD LED Backlit IPS Panel with HDR10, sRGB 99%, Color Calibra...  ",   4.6 ,33 Reviews      ,"₹24,500   ","₹36,700   ",33% off ,Free delivery ,₹220          
iVoomi monitor 50.8 cm (20 inch) Full HD LED Backlit TN Panel Monitor (IV-L19O1HD)                           ,   3.7 ,2 Reviews       ,"₹3,453    ","₹11,999   ",71% off ,Free delivery ,              
"Lenovo G-Series 81.28 cm (32 inch) Curved Quad HD LED Backlit VA Panel with 99% sRGB, 2XHDMI 2.0, DP, ...  ",   5   ,0 Reviews       ,"₹23,199   ","₹34,890   ",33% off ,Free delivery ,Bank Offer    
Lenovo 60.45 cm (23.8 Inch) Quad HD IPS Panel Monitor (L24q-35)                                              ,   4.8 ,3 Reviews       ,"₹15,999   ","₹24,890   ",35% off ,Free delivery ,₹220          
Acer 80.01 cm (31.5 inch) Curved Full HD LED Backlit VA Panel Gaming Monitor (ED320QR)                       ,   4.5 ,48 Reviews      ,"₹16,999   ","₹20,300   ",16% off ,Free delivery ,Bank Offer    
"DELL SE-Series 60.45 cm (23.8 inch) Full HD LED Backlit VA Panel with 3-Years warranty, 16.7M Colours,...  ",   4.4 ,20 Reviews      ,"₹8,699    ","₹21,239   ",59% off ,Free delivery ,Upto          
"MSI 60.96 cm (24 inch) Full HD IPS Panel with Anti-Flicker Technology, Less Blue Light, HDR Ready Moni...  ",   4.4 ,1 Reviews       ,"₹12,899   ","₹25,000   ",48% off ,Free delivery ,Bank Offer    
Lenovo 60.45 cm (23.8 inch) Quad HD IPS Panel Monitor (Q24h-10)                                              ,   3.2 ,1 Reviews       ,"₹18,999   ","₹30,790   ",38% off ,Free delivery ,Bank Offer    
"SAMSUNG ViewFinity S6 60.96 cm (24 inch) Quad HD IPS Panel with USB Type-C, LAN Port, DP, HDR10, KVM S...  ",   4   ,1 Reviews       ,"₹23,499   ","₹33,500   ",29% off ,Free delivery ,              
"LG 60.96 cm (24 inch) Full HD LED Backlit IPS Panel with HDMI, DVI,VGA, Audio-IN Ports Gaming Monitor ...  ",   4.4 ,37 Reviews      ,"₹9,898    ","₹17,900   ",44% off ,Free delivery ,Bank Offer    
"DELL E-Series 68.58 cm (27 inch) Full HD LED Backlit IPS Panel with Tilt Adjustment, Slim Bezel, Eye C...  ",   4.4 ,3 Reviews       ,"₹11,499   ","₹32,999   ",65% off ,Free delivery ,Upto          
"LG UltraGear 68.58 cm (27 inch) Quad HD IPS Panel with VESA Display HDR400, HDMI, Nvidia G-Sync Compat...  ",   4.7 ,11 Reviews      ,"₹32,000   ","₹47,500   ",32% off ,Free delivery ,Bank Offer    
Enter 43.43 cm (17.1 inch) HD TN Panel Monitor (E-M0-AO2)                                                    ,   3.8 ,16 Reviews      ,"₹2,500    ","₹6,999    ",64% off ,Free delivery ,              
Lenovo ThinkVision 86.36 cm (34 inch) Curved WQHD LED Backlit VA Panel Monitor (ThinkVision T34w-30)         ,       ,                ,"₹56,999   ","₹62,301   ",8% off  ,Free delivery ,              
"Lenovo 80.01 cm (31.5 inch) WQHD IPS Panel with 1.07 Billion Colors, HDMI, DP, Tilt, Vesa Wall Mount, ...  ",   4.2 ,6 Reviews       ,"₹18,990   ","₹29,290   ",35% off ,Free delivery ,₹220          
ViewSonic VA2406-H 60.96 cm (24 inch) Full HD LED Backlit VA Panel Monitor (Home and Office Use Monito...    ,   4.1 ,9 Reviews       ,"₹7,299    ","₹13,851   ",47% off ,Free delivery ,₹220          
Enter HD 39.12 cm (15.4 inch) HD VA Panel Monitor (E-MO-A06)                                                 ,   2.5 ,0 Reviews       ,"₹2,500    ","₹6,299    ",60% off ,Free delivery ,              
Enter 48.26 cm (19 inch) HD VA Panel Monitor (E-MO-A00)                                                      ,   4   ,1 Reviews       ,"₹2,587    ","₹2,999    ",13% off ,Free delivery ,              
ZEBRONICS 68.58 cm (27 inch) Full HD VA Panel Wall Mountable Gaming Monitor (ZEB-A27FHD Slim Gaming LE...    ,   4   ,39 Reviews      ,"₹9,999    ","₹37,999   ",73% off ,Free delivery ,Bank Offer    
                                                                                                             ,       ,                ,            ,            ,        ,              ,              
                                                                                                             ,       ,                ,            ,            ,        ,              ,              
                                                                                                             ,       ,                ,            ,            ,        ,              ,              
Enter 48.26 cm (19 inch) HD Monitor (E-MO-A00)                                                               ,   4   ,6 Reviews       ,"₹2,599    ","₹12,500   ",79% off ,Free delivery ,              
iVoomi 48.26 cm (19 inch) HD Monitor (V-L1901HD)                                                             ,   3   ,1 Reviews       ,"₹2,900    ","₹9,999    ",70% off ,Free delivery ,              
ViewSonic 73.66 cm (29 inch) WFHD IPS Panel Gaming Monitor (VA2932-MHD)                                      ,   3.7 ,1 Reviews       ,"₹14,699   ","₹24,400   ",39% off ,Free delivery ,Bank Offer    
SAMSUNG 68.58 cm (27 inch) Curved Full HD VA Panel Monitor (LS27C366EAWXXL)                                  ,       ,                ,"₹11,799   ","₹17,800   ",33% off ,Free delivery ,              
"SAMSUNG M5 81.28 cm (32 inch) Full HD LED Backlit VA Panel with embedded TV Apps, PC-less productivity...  ",   4.3 ,131 Reviews     ,"₹19,799   ","₹35,000   ",43% off ,Free delivery ,Upto          
"DELL AW-Series 68.58 cm (27 inch) WQHD LED Backlit IPS Panel with Vesa Certified HDR 600, Height, Tilt...  ",       ,                ,"₹59,999   ","₹1,37,099 ",56% off ,Free delivery ,Upto          
Enter 39.12 cm (15.4 inch) HD Monitor (E-M16HB)                                                              ,   3.5 ,22 Reviews      ,"₹2,480    ","₹4,999    ",50% off ,Free delivery ,Bank Offer    
MarQ by Flipkart 60.96 cm (24 inch) Full HD LED Backlit VA Panel with 2 X 3W Inbuilt Speakers Monitor ...    ,   4.3 ,"1,542 Reviews ","₹6,999    ","₹12,999   ",46% off ,Free delivery ,₹220          
"Acer KA-Series 68.58 cm (27 inch) Full HD LED Backlit IPS Panel with 250 Nits Brightness, 99% sRGB, 1 ...  ",   4.4 ,6 Reviews       ,"₹8,499    ","₹11,999   ",29% off ,Free delivery ,Bank Offer    
HP 68.58 cm (27 inch) Curved Full HD LED Backlit VA Panel Gaming Monitor (X27c)                              ,   4.4 ,21 Reviews      ,"₹19,999   ","₹35,000   ",42% off ,Free delivery ,Upto          
"SAMSUNG M5 68.58 cm (27 inch) Full HD VA Panel with embedded TV Apps, PC-less productivity with Samsun...  ",   4.3 ,131 Reviews     ,"₹17,699   ","₹32,300   ",45% off ,Free delivery ,Upto          
ZEBRONICS 68.58 cm (27 inch) Full HD IPS Panel Wall Mountable||White Colour Monitor (Zeb-A27FHD LED)         ,   4   ,55 Reviews      ,"₹10,513   ","₹21,499   ",51% off ,Free delivery ,Bank Offer    
"DELL P SERIES 60.96 cm (24 inch) Full HD LED Backlit IPS Panel Monitor ((P2425H, 99% sRGB,1x HDMI|1x D...  ",   4.4 ,3 Reviews       ,"₹13,899   ","₹35,978   ",61% off ,Free delivery ,Bank Offer    
Lenovo 80.01 cm (31.5 inch) 4K Ultra HD IPS Panel Monitor (L32p-30)                                          ,   4.8 ,0 Reviews       ,"₹29,990   ","₹41,190   ",27% off ,Free delivery ,Bank Offer    
MSI 60.45 cm (23.8 inch) Full HD IPS Panel Monitor (PRO MP243X)                                              ,   4   ,2 Reviews       ,"₹8,499    ","₹13,600   ",37% off ,Free delivery ,              
"GIGABYTE Aorus 68.58 cm (27 Inch) Quad HD LED Backlit IPS Panel with 1440p, 95% DCI-P3 Color, Dual Syn...  ",   4.7 ,3 Reviews       ,"₹30,999   ","₹90,000   ",65% off ,Free delivery ,Upto          
"BenQ PD 68.58 cm (27 inch) UHD LED Backlit IPS Panel 99% sRGB, 99% Rec.709, HDR10,, AQCOLOR Technology...  ",   4.7 ,2 Reviews       ,"₹37,990   ","₹54,990   ",30% off ,Free delivery ,Upto          
Acer 68.58 cm (27 inch) Full HD LED Backlit IPS Panel Monitor (KA270 E)                                      ,   4.5 ,1 Reviews       ,"₹8,499    ","₹11,999   ",29% off ,Free delivery ,Bank Offer    
"SAMSUNG 68.58 cm (27 inch) 4K Ultra HD LED Backlit IPS Panel with HDR10, Wide Viewing Angle, Borderles...  ",   4.1 ,5 Reviews       ,"₹22,500   ","₹42,000   ",46% off ,Free delivery ,              
"LG ULTRAGEAR 81.28 cm (32 inch) Quad HD LED Backlit VA Panel Gaming Monitor (165 Hz 1ms, FreeSync Prem...  ",   4.6 ,4 Reviews       ,"₹23,999   ","₹49,500   ",51% off ,Free delivery ,Bank Offer    
ASUS 68.58 cm (27 inch) Full HD LED Backlit IPS Panel Gaming Monitor (TUF VG279QM)                           ,   4.3 ,10 Reviews      ,"₹31,999   ","₹45,000   ",28% off ,Free delivery ,Upto          
"LG UltraFine 68.58 cm (27 inch) 4K Ultra HD IPS Panel HDR10, Ergonomic, USB Type-C Monitor (27UN880)       ",   4.6 ,5 Reviews       ,"₹38,200   ","₹53,500   ",28% off ,Free delivery ,Bank Offer    
"MSI 68.58 cm (27 inch) WQHD IPS Panel with EyesErgo Technology, Anti-Flicker, Less Blue Light, Anti-Gl...  ",   4.3 ,4 Reviews       ,"₹16,061   ","₹30,000   ",46% off ,Free delivery ,Bank Offer    
"leoxsys 39.62 cm (15.6 inch) Full HD LED Backlit IPS Panel Monitor (10 Touch Capactive,300nits brightn...  ",   4.7 ,0 Reviews       ,"₹16,669   ","₹24,990   ",33% off ,Free delivery ,              
                                                                                                             ,       ,                ,            ,            ,        ,              ,              
